id,path
NDAR_INV00HEV6HB,/midtier/sablab/scratch/lem4012/data/abcd-data-hr/NDAR_INV00HEV6HB/preprocessed/rs_fc.pt
NDAR_INV00LH735Y,/midtier/sablab/scratch/lem4012/data/abcd-data-hr/NDAR_INV00LH735Y/preprocessed/rs_fc.pt
NDAR_INV00R4TXET,/midtier/sablab/scratch/lem4012/data/abcd-data-hr/NDAR_INV00R4TXET/preprocessed/rs_fc.pt
NDAR_INV01NAYMZH,/midtier/sablab/scratch/lem4012/data/abcd-data-hr/NDAR_INV01NAYMZH/preprocessed/rs_fc.pt
NDAR_INV01RGTWD2,/midtier/sablab/scratch/lem4012/data/abcd-data-hr/NDAR_INV01RGTWD2/preprocessed/rs_fc.pt
NDAR_INV02JXJUZG,/midtier/sablab/scratch/lem4012/data/abcd-data-hr/NDAR_INV02JXJUZG/preprocessed/rs_fc.pt
NDAR_INV0387TP8R,/midtier/sablab/scratch/lem4012/data/abcd-data-hr/NDAR_INV0387TP8R/preprocessed/rs_fc.pt
NDAR_INV059VLAHF,/midtier/sablab/scratch/lem4012/data/abcd-data-hr/NDAR_INV059VLAHF/preprocessed/rs_fc.pt
NDAR_INV06A9DLE9,/midtier/sablab/scratch/lem4012/data/abcd-data-hr/NDAR_INV06A9DLE9/preprocessed/rs_fc.pt
NDAR_INV06WHVUPX,/midtier/sablab/scratch/lem4012/data/abcd-data-hr/NDAR_INV06WHVUPX/preprocessed/rs_fc.pt
NDAR_INV07BR8GMY,/midtier/sablab/scratch/lem4012/data/abcd-data-hr/NDAR_INV07BR8GMY/preprocessed/rs_fc.pt
NDAR_INV07THBLHG,/midtier/sablab/scratch/lem4012/data/abcd-data-hr/NDAR_INV07THBLHG/preprocessed/rs_fc.pt
NDAR_INV07UK1DPH,/midtier/sablab/scratch/lem4012/data/abcd-data-hr/NDAR_INV07UK1DPH/preprocessed/rs_fc.pt
NDAR_INV07XG8391,/midtier/sablab/scratch/lem4012/data/abcd-data-hr/NDAR_INV07XG8391/preprocessed/rs_fc.pt
NDAR_INV08R2PTT1,/midtier/sablab/scratch/lem4012/data/abcd-data-hr/NDAR_INV08R2PTT1/preprocessed/rs_fc.pt
NDAR_INV09AEBLZH,/midtier/sablab/scratch/lem4012/data/abcd-data-hr/NDAR_INV09AEBLZH/preprocessed/rs_fc.pt
NDAR_INV0A4P0LWM,/midtier/sablab/scratch/lem4012/data/abcd-data-hr/NDAR_INV0A4P0LWM/preprocessed/rs_fc.pt
NDAR_INV0A87RKWD,/midtier/sablab/scratch/lem4012/data/abcd-data-hr/NDAR_INV0A87RKWD/preprocessed/rs_fc.pt
NDAR_INV0B7UGM1D,/midtier/sablab/scratch/lem4012/data/abcd-data-hr/NDAR_INV0B7UGM1D/preprocessed/rs_fc.pt
NDAR_INV0BVP2PTD,/midtier/sablab/scratch/lem4012/data/abcd-data-hr/NDAR_INV0BVP2PTD/preprocessed/rs_fc.pt
NDAR_INV0BXXNBH4,/midtier/sablab/scratch/lem4012/data/abcd-data-hr/NDAR_INV0BXXNBH4/preprocessed/rs_fc.pt
NDAR_INV0C765WK4,/midtier/sablab/scratch/lem4012/data/abcd-data-hr/NDAR_INV0C765WK4/preprocessed/rs_fc.pt
NDAR_INV0CCVJ39W,/midtier/sablab/scratch/lem4012/data/abcd-data-hr/NDAR_INV0CCVJ39W/preprocessed/rs_fc.pt
NDAR_INV0CP9XGTP,/midtier/sablab/scratch/lem4012/data/abcd-data-hr/NDAR_INV0CP9XGTP/preprocessed/rs_fc.pt
NDAR_INV0D4C1R8X,/midtier/sablab/scratch/lem4012/data/abcd-data-hr/NDAR_INV0D4C1R8X/preprocessed/rs_fc.pt
NDAR_INV0DBRJXKG,/midtier/sablab/scratch/lem4012/data/abcd-data-hr/NDAR_INV0DBRJXKG/preprocessed/rs_fc.pt
NDAR_INV0DG8XR2P,/midtier/sablab/scratch/lem4012/data/abcd-data-hr/NDAR_INV0DG8XR2P/preprocessed/rs_fc.pt
NDAR_INV0DVK13LU,/midtier/sablab/scratch/lem4012/data/abcd-data-hr/NDAR_INV0DVK13LU/preprocessed/rs_fc.pt
NDAR_INV0E4CT74P,/midtier/sablab/scratch/lem4012/data/abcd-data-hr/NDAR_INV0E4CT74P/preprocessed/rs_fc.pt
NDAR_INV0E9UFT0K,/midtier/sablab/scratch/lem4012/data/abcd-data-hr/NDAR_INV0E9UFT0K/preprocessed/rs_fc.pt
NDAR_INV0EV57VEX,/midtier/sablab/scratch/lem4012/data/abcd-data-hr/NDAR_INV0EV57VEX/preprocessed/rs_fc.pt
NDAR_INV0FCEX8C6,/midtier/sablab/scratch/lem4012/data/abcd-data-hr/NDAR_INV0FCEX8C6/preprocessed/rs_fc.pt
NDAR_INV0GVW93X6,/midtier/sablab/scratch/lem4012/data/abcd-data-hr/NDAR_INV0GVW93X6/preprocessed/rs_fc.pt
NDAR_INV0HH094Z9,/midtier/sablab/scratch/lem4012/data/abcd-data-hr/NDAR_INV0HH094Z9/preprocessed/rs_fc.pt
NDAR_INV0J1M2ETU,/midtier/sablab/scratch/lem4012/data/abcd-data-hr/NDAR_INV0J1M2ETU/preprocessed/rs_fc.pt
NDAR_INV0J6LY05U,/midtier/sablab/scratch/lem4012/data/abcd-data-hr/NDAR_INV0J6LY05U/preprocessed/rs_fc.pt
NDAR_INV0JXBZBV9,/midtier/sablab/scratch/lem4012/data/abcd-data-hr/NDAR_INV0JXBZBV9/preprocessed/rs_fc.pt
NDAR_INV0K37T6VD,/midtier/sablab/scratch/lem4012/data/abcd-data-hr/NDAR_INV0K37T6VD/preprocessed/rs_fc.pt
NDAR_INV0L7K5UMC,/midtier/sablab/scratch/lem4012/data/abcd-data-hr/NDAR_INV0L7K5UMC/preprocessed/rs_fc.pt
NDAR_INV0L974J49,/midtier/sablab/scratch/lem4012/data/abcd-data-hr/NDAR_INV0L974J49/preprocessed/rs_fc.pt
NDAR_INV0LKZCJ15,/midtier/sablab/scratch/lem4012/data/abcd-data-hr/NDAR_INV0LKZCJ15/preprocessed/rs_fc.pt
NDAR_INV0MF9V4P1,/midtier/sablab/scratch/lem4012/data/abcd-data-hr/NDAR_INV0MF9V4P1/preprocessed/rs_fc.pt
NDAR_INV0ML93ZXT,/midtier/sablab/scratch/lem4012/data/abcd-data-hr/NDAR_INV0ML93ZXT/preprocessed/rs_fc.pt
NDAR_INV0MRY4Z3E,/midtier/sablab/scratch/lem4012/data/abcd-data-hr/NDAR_INV0MRY4Z3E/preprocessed/rs_fc.pt
NDAR_INV0P0GTDY0,/midtier/sablab/scratch/lem4012/data/abcd-data-hr/NDAR_INV0P0GTDY0/preprocessed/rs_fc.pt
NDAR_INV0P34UPZ9,/midtier/sablab/scratch/lem4012/data/abcd-data-hr/NDAR_INV0P34UPZ9/preprocessed/rs_fc.pt
NDAR_INV0PJ81CA5,/midtier/sablab/scratch/lem4012/data/abcd-data-hr/NDAR_INV0PJ81CA5/preprocessed/rs_fc.pt
NDAR_INV0PRHUTZA,/midtier/sablab/scratch/lem4012/data/abcd-data-hr/NDAR_INV0PRHUTZA/preprocessed/rs_fc.pt
NDAR_INV0RL1BGTN,/midtier/sablab/scratch/lem4012/data/abcd-data-hr/NDAR_INV0RL1BGTN/preprocessed/rs_fc.pt
NDAR_INV0UA196B6,/midtier/sablab/scratch/lem4012/data/abcd-data-hr/NDAR_INV0UA196B6/preprocessed/rs_fc.pt
NDAR_INV0ULZKXXG,/midtier/sablab/scratch/lem4012/data/abcd-data-hr/NDAR_INV0ULZKXXG/preprocessed/rs_fc.pt
NDAR_INV0VF0JVNL,/midtier/sablab/scratch/lem4012/data/abcd-data-hr/NDAR_INV0VF0JVNL/preprocessed/rs_fc.pt
NDAR_INV0W4PR2WT,/midtier/sablab/scratch/lem4012/data/abcd-data-hr/NDAR_INV0W4PR2WT/preprocessed/rs_fc.pt
NDAR_INV0WTM31V7,/midtier/sablab/scratch/lem4012/data/abcd-data-hr/NDAR_INV0WTM31V7/preprocessed/rs_fc.pt
NDAR_INV0XKVPBB0,/midtier/sablab/scratch/lem4012/data/abcd-data-hr/NDAR_INV0XKVPBB0/preprocessed/rs_fc.pt
NDAR_INV0YVKYMJX,/midtier/sablab/scratch/lem4012/data/abcd-data-hr/NDAR_INV0YVKYMJX/preprocessed/rs_fc.pt
NDAR_INV0ZAYELPK,/midtier/sablab/scratch/lem4012/data/abcd-data-hr/NDAR_INV0ZAYELPK/preprocessed/rs_fc.pt
NDAR_INV0ZHHWCMZ,/midtier/sablab/scratch/lem4012/data/abcd-data-hr/NDAR_INV0ZHHWCMZ/preprocessed/rs_fc.pt
NDAR_INV101HGWPC,/midtier/sablab/scratch/lem4012/data/abcd-data-hr/NDAR_INV101HGWPC/preprocessed/rs_fc.pt
NDAR_INV102P9DCN,/midtier/sablab/scratch/lem4012/data/abcd-data-hr/NDAR_INV102P9DCN/preprocessed/rs_fc.pt
NDAR_INV109GUWFN,/midtier/sablab/scratch/lem4012/data/abcd-data-hr/NDAR_INV109GUWFN/preprocessed/rs_fc.pt
NDAR_INV10DN9UHY,/midtier/sablab/scratch/lem4012/data/abcd-data-hr/NDAR_INV10DN9UHY/preprocessed/rs_fc.pt
NDAR_INV10HWA6YU,/midtier/sablab/scratch/lem4012/data/abcd-data-hr/NDAR_INV10HWA6YU/preprocessed/rs_fc.pt
NDAR_INV114VT9DX,/midtier/sablab/scratch/lem4012/data/abcd-data-hr/NDAR_INV114VT9DX/preprocessed/rs_fc.pt
NDAR_INV11E1FCZ0,/midtier/sablab/scratch/lem4012/data/abcd-data-hr/NDAR_INV11E1FCZ0/preprocessed/rs_fc.pt
NDAR_INV12WR8W3U,/midtier/sablab/scratch/lem4012/data/abcd-data-hr/NDAR_INV12WR8W3U/preprocessed/rs_fc.pt
NDAR_INV1306ZGW1,/midtier/sablab/scratch/lem4012/data/abcd-data-hr/NDAR_INV1306ZGW1/preprocessed/rs_fc.pt
NDAR_INV13AC41PB,/midtier/sablab/scratch/lem4012/data/abcd-data-hr/NDAR_INV13AC41PB/preprocessed/rs_fc.pt
NDAR_INV13LFMTL6,/midtier/sablab/scratch/lem4012/data/abcd-data-hr/NDAR_INV13LFMTL6/preprocessed/rs_fc.pt
NDAR_INV14C1N3KZ,/midtier/sablab/scratch/lem4012/data/abcd-data-hr/NDAR_INV14C1N3KZ/preprocessed/rs_fc.pt
NDAR_INV14PHMUNU,/midtier/sablab/scratch/lem4012/data/abcd-data-hr/NDAR_INV14PHMUNU/preprocessed/rs_fc.pt
NDAR_INV14PNN5H9,/midtier/sablab/scratch/lem4012/data/abcd-data-hr/NDAR_INV14PNN5H9/preprocessed/rs_fc.pt
NDAR_INV1535421B,/midtier/sablab/scratch/lem4012/data/abcd-data-hr/NDAR_INV1535421B/preprocessed/rs_fc.pt
NDAR_INV15M33G49,/midtier/sablab/scratch/lem4012/data/abcd-data-hr/NDAR_INV15M33G49/preprocessed/rs_fc.pt
NDAR_INV15YZBNE0,/midtier/sablab/scratch/lem4012/data/abcd-data-hr/NDAR_INV15YZBNE0/preprocessed/rs_fc.pt
NDAR_INV165NRNVG,/midtier/sablab/scratch/lem4012/data/abcd-data-hr/NDAR_INV165NRNVG/preprocessed/rs_fc.pt
NDAR_INV16GY1RE8,/midtier/sablab/scratch/lem4012/data/abcd-data-hr/NDAR_INV16GY1RE8/preprocessed/rs_fc.pt
NDAR_INV174DUV2F,/midtier/sablab/scratch/lem4012/data/abcd-data-hr/NDAR_INV174DUV2F/preprocessed/rs_fc.pt
NDAR_INV17UL1T8L,/midtier/sablab/scratch/lem4012/data/abcd-data-hr/NDAR_INV17UL1T8L/preprocessed/rs_fc.pt
NDAR_INV18BE29T0,/midtier/sablab/scratch/lem4012/data/abcd-data-hr/NDAR_INV18BE29T0/preprocessed/rs_fc.pt
NDAR_INV18E23PK7,/midtier/sablab/scratch/lem4012/data/abcd-data-hr/NDAR_INV18E23PK7/preprocessed/rs_fc.pt
NDAR_INV18HXV64A,/midtier/sablab/scratch/lem4012/data/abcd-data-hr/NDAR_INV18HXV64A/preprocessed/rs_fc.pt
NDAR_INV18RUWAJN,/midtier/sablab/scratch/lem4012/data/abcd-data-hr/NDAR_INV18RUWAJN/preprocessed/rs_fc.pt
NDAR_INV19BR9YHW,/midtier/sablab/scratch/lem4012/data/abcd-data-hr/NDAR_INV19BR9YHW/preprocessed/rs_fc.pt
NDAR_INV19UPJ1X0,/midtier/sablab/scratch/lem4012/data/abcd-data-hr/NDAR_INV19UPJ1X0/preprocessed/rs_fc.pt
NDAR_INV19ZM2GTU,/midtier/sablab/scratch/lem4012/data/abcd-data-hr/NDAR_INV19ZM2GTU/preprocessed/rs_fc.pt
NDAR_INV1ACWERC3,/midtier/sablab/scratch/lem4012/data/abcd-data-hr/NDAR_INV1ACWERC3/preprocessed/rs_fc.pt
NDAR_INV1AFNKM8M,/midtier/sablab/scratch/lem4012/data/abcd-data-hr/NDAR_INV1AFNKM8M/preprocessed/rs_fc.pt
NDAR_INV1B7G7LND,/midtier/sablab/scratch/lem4012/data/abcd-data-hr/NDAR_INV1B7G7LND/preprocessed/rs_fc.pt
NDAR_INV1BPLGEZ5,/midtier/sablab/scratch/lem4012/data/abcd-data-hr/NDAR_INV1BPLGEZ5/preprocessed/rs_fc.pt
NDAR_INV1BTYWJDX,/midtier/sablab/scratch/lem4012/data/abcd-data-hr/NDAR_INV1BTYWJDX/preprocessed/rs_fc.pt
NDAR_INV1DZWFKCG,/midtier/sablab/scratch/lem4012/data/abcd-data-hr/NDAR_INV1DZWFKCG/preprocessed/rs_fc.pt
NDAR_INV1EZ26N40,/midtier/sablab/scratch/lem4012/data/abcd-data-hr/NDAR_INV1EZ26N40/preprocessed/rs_fc.pt
NDAR_INV1F5BKK61,/midtier/sablab/scratch/lem4012/data/abcd-data-hr/NDAR_INV1F5BKK61/preprocessed/rs_fc.pt
NDAR_INV1FT79EHP,/midtier/sablab/scratch/lem4012/data/abcd-data-hr/NDAR_INV1FT79EHP/preprocessed/rs_fc.pt
NDAR_INV1GL1F6FK,/midtier/sablab/scratch/lem4012/data/abcd-data-hr/NDAR_INV1GL1F6FK/preprocessed/rs_fc.pt
NDAR_INV1JAFHY62,/midtier/sablab/scratch/lem4012/data/abcd-data-hr/NDAR_INV1JAFHY62/preprocessed/rs_fc.pt
NDAR_INV1JZ17724,/midtier/sablab/scratch/lem4012/data/abcd-data-hr/NDAR_INV1JZ17724/preprocessed/rs_fc.pt
NDAR_INV1MF1L9LR,/midtier/sablab/scratch/lem4012/data/abcd-data-hr/NDAR_INV1MF1L9LR/preprocessed/rs_fc.pt
NDAR_INV1MKWVMP1,/midtier/sablab/scratch/lem4012/data/abcd-data-hr/NDAR_INV1MKWVMP1/preprocessed/rs_fc.pt
NDAR_INV1N2R407U,/midtier/sablab/scratch/lem4012/data/abcd-data-hr/NDAR_INV1N2R407U/preprocessed/rs_fc.pt
NDAR_INV1P29RX5F,/midtier/sablab/scratch/lem4012/data/abcd-data-hr/NDAR_INV1P29RX5F/preprocessed/rs_fc.pt
NDAR_INV1P6NVAXL,/midtier/sablab/scratch/lem4012/data/abcd-data-hr/NDAR_INV1P6NVAXL/preprocessed/rs_fc.pt
NDAR_INV1P7L5P3B,/midtier/sablab/scratch/lem4012/data/abcd-data-hr/NDAR_INV1P7L5P3B/preprocessed/rs_fc.pt
NDAR_INV1PHTC329,/midtier/sablab/scratch/lem4012/data/abcd-data-hr/NDAR_INV1PHTC329/preprocessed/rs_fc.pt
NDAR_INV1R97KJ7J,/midtier/sablab/scratch/lem4012/data/abcd-data-hr/NDAR_INV1R97KJ7J/preprocessed/rs_fc.pt
NDAR_INV1TRH3MMU,/midtier/sablab/scratch/lem4012/data/abcd-data-hr/NDAR_INV1TRH3MMU/preprocessed/rs_fc.pt
NDAR_INV1U3RR4GV,/midtier/sablab/scratch/lem4012/data/abcd-data-hr/NDAR_INV1U3RR4GV/preprocessed/rs_fc.pt
NDAR_INV1U54HX62,/midtier/sablab/scratch/lem4012/data/abcd-data-hr/NDAR_INV1U54HX62/preprocessed/rs_fc.pt
NDAR_INV1UWWV5JP,/midtier/sablab/scratch/lem4012/data/abcd-data-hr/NDAR_INV1UWWV5JP/preprocessed/rs_fc.pt
NDAR_INV1V7XPJKR,/midtier/sablab/scratch/lem4012/data/abcd-data-hr/NDAR_INV1V7XPJKR/preprocessed/rs_fc.pt
NDAR_INV1VCF7KC6,/midtier/sablab/scratch/lem4012/data/abcd-data-hr/NDAR_INV1VCF7KC6/preprocessed/rs_fc.pt
NDAR_INV1ZK1A3NG,/midtier/sablab/scratch/lem4012/data/abcd-data-hr/NDAR_INV1ZK1A3NG/preprocessed/rs_fc.pt
NDAR_INV1ZMY808V,/midtier/sablab/scratch/lem4012/data/abcd-data-hr/NDAR_INV1ZMY808V/preprocessed/rs_fc.pt
NDAR_INV1ZY3ZR47,/midtier/sablab/scratch/lem4012/data/abcd-data-hr/NDAR_INV1ZY3ZR47/preprocessed/rs_fc.pt
NDAR_INV20CNYBBC,/midtier/sablab/scratch/lem4012/data/abcd-data-hr/NDAR_INV20CNYBBC/preprocessed/rs_fc.pt
NDAR_INV20MXZPW5,/midtier/sablab/scratch/lem4012/data/abcd-data-hr/NDAR_INV20MXZPW5/preprocessed/rs_fc.pt
NDAR_INV21GBW2CT,/midtier/sablab/scratch/lem4012/data/abcd-data-hr/NDAR_INV21GBW2CT/preprocessed/rs_fc.pt
NDAR_INV21VH8BF0,/midtier/sablab/scratch/lem4012/data/abcd-data-hr/NDAR_INV21VH8BF0/preprocessed/rs_fc.pt
NDAR_INV22BFDVEJ,/midtier/sablab/scratch/lem4012/data/abcd-data-hr/NDAR_INV22BFDVEJ/preprocessed/rs_fc.pt
NDAR_INV22GE0DMV,/midtier/sablab/scratch/lem4012/data/abcd-data-hr/NDAR_INV22GE0DMV/preprocessed/rs_fc.pt
NDAR_INV23XF318V,/midtier/sablab/scratch/lem4012/data/abcd-data-hr/NDAR_INV23XF318V/preprocessed/rs_fc.pt
NDAR_INV23XHKMH5,/midtier/sablab/scratch/lem4012/data/abcd-data-hr/NDAR_INV23XHKMH5/preprocessed/rs_fc.pt
NDAR_INV243VF1J7,/midtier/sablab/scratch/lem4012/data/abcd-data-hr/NDAR_INV243VF1J7/preprocessed/rs_fc.pt
NDAR_INV2484CB0H,/midtier/sablab/scratch/lem4012/data/abcd-data-hr/NDAR_INV2484CB0H/preprocessed/rs_fc.pt
NDAR_INV24V8FLZ3,/midtier/sablab/scratch/lem4012/data/abcd-data-hr/NDAR_INV24V8FLZ3/preprocessed/rs_fc.pt
NDAR_INV2547FH92,/midtier/sablab/scratch/lem4012/data/abcd-data-hr/NDAR_INV2547FH92/preprocessed/rs_fc.pt
NDAR_INV263W8YMY,/midtier/sablab/scratch/lem4012/data/abcd-data-hr/NDAR_INV263W8YMY/preprocessed/rs_fc.pt
NDAR_INV26DWKT11,/midtier/sablab/scratch/lem4012/data/abcd-data-hr/NDAR_INV26DWKT11/preprocessed/rs_fc.pt
NDAR_INV27EPWLDM,/midtier/sablab/scratch/lem4012/data/abcd-data-hr/NDAR_INV27EPWLDM/preprocessed/rs_fc.pt
NDAR_INV27NU4CMC,/midtier/sablab/scratch/lem4012/data/abcd-data-hr/NDAR_INV27NU4CMC/preprocessed/rs_fc.pt
NDAR_INV28D3LRLF,/midtier/sablab/scratch/lem4012/data/abcd-data-hr/NDAR_INV28D3LRLF/preprocessed/rs_fc.pt
NDAR_INV28DR91DW,/midtier/sablab/scratch/lem4012/data/abcd-data-hr/NDAR_INV28DR91DW/preprocessed/rs_fc.pt
NDAR_INV28VRHGXD,/midtier/sablab/scratch/lem4012/data/abcd-data-hr/NDAR_INV28VRHGXD/preprocessed/rs_fc.pt
NDAR_INV28X60X09,/midtier/sablab/scratch/lem4012/data/abcd-data-hr/NDAR_INV28X60X09/preprocessed/rs_fc.pt
NDAR_INV29MZKR3H,/midtier/sablab/scratch/lem4012/data/abcd-data-hr/NDAR_INV29MZKR3H/preprocessed/rs_fc.pt
NDAR_INV29P0F670,/midtier/sablab/scratch/lem4012/data/abcd-data-hr/NDAR_INV29P0F670/preprocessed/rs_fc.pt
NDAR_INV29RMU5LN,/midtier/sablab/scratch/lem4012/data/abcd-data-hr/NDAR_INV29RMU5LN/preprocessed/rs_fc.pt
NDAR_INV2AVRCTAA,/midtier/sablab/scratch/lem4012/data/abcd-data-hr/NDAR_INV2AVRCTAA/preprocessed/rs_fc.pt
NDAR_INV2B9KMD5C,/midtier/sablab/scratch/lem4012/data/abcd-data-hr/NDAR_INV2B9KMD5C/preprocessed/rs_fc.pt
NDAR_INV2BPVXTH3,/midtier/sablab/scratch/lem4012/data/abcd-data-hr/NDAR_INV2BPVXTH3/preprocessed/rs_fc.pt
NDAR_INV2CW9FCHV,/midtier/sablab/scratch/lem4012/data/abcd-data-hr/NDAR_INV2CW9FCHV/preprocessed/rs_fc.pt
NDAR_INV2D07F24X,/midtier/sablab/scratch/lem4012/data/abcd-data-hr/NDAR_INV2D07F24X/preprocessed/rs_fc.pt
NDAR_INV2DHY1CHU,/midtier/sablab/scratch/lem4012/data/abcd-data-hr/NDAR_INV2DHY1CHU/preprocessed/rs_fc.pt
NDAR_INV2DTHE81G,/midtier/sablab/scratch/lem4012/data/abcd-data-hr/NDAR_INV2DTHE81G/preprocessed/rs_fc.pt
NDAR_INV2E77XGT6,/midtier/sablab/scratch/lem4012/data/abcd-data-hr/NDAR_INV2E77XGT6/preprocessed/rs_fc.pt
NDAR_INV2EENVRH9,/midtier/sablab/scratch/lem4012/data/abcd-data-hr/NDAR_INV2EENVRH9/preprocessed/rs_fc.pt
NDAR_INV2FTTVR8J,/midtier/sablab/scratch/lem4012/data/abcd-data-hr/NDAR_INV2FTTVR8J/preprocessed/rs_fc.pt
NDAR_INV2GPZ2973,/midtier/sablab/scratch/lem4012/data/abcd-data-hr/NDAR_INV2GPZ2973/preprocessed/rs_fc.pt
NDAR_INV2GWN7LF4,/midtier/sablab/scratch/lem4012/data/abcd-data-hr/NDAR_INV2GWN7LF4/preprocessed/rs_fc.pt
NDAR_INV2KZR1A9A,/midtier/sablab/scratch/lem4012/data/abcd-data-hr/NDAR_INV2KZR1A9A/preprocessed/rs_fc.pt
NDAR_INV2MH3HPHP,/midtier/sablab/scratch/lem4012/data/abcd-data-hr/NDAR_INV2MH3HPHP/preprocessed/rs_fc.pt
NDAR_INV2MMJJTBJ,/midtier/sablab/scratch/lem4012/data/abcd-data-hr/NDAR_INV2MMJJTBJ/preprocessed/rs_fc.pt
NDAR_INV2N0CBXE8,/midtier/sablab/scratch/lem4012/data/abcd-data-hr/NDAR_INV2N0CBXE8/preprocessed/rs_fc.pt
NDAR_INV2NMMXZ45,/midtier/sablab/scratch/lem4012/data/abcd-data-hr/NDAR_INV2NMMXZ45/preprocessed/rs_fc.pt
NDAR_INV2PFVV0YJ,/midtier/sablab/scratch/lem4012/data/abcd-data-hr/NDAR_INV2PFVV0YJ/preprocessed/rs_fc.pt
NDAR_INV2PG9W3G7,/midtier/sablab/scratch/lem4012/data/abcd-data-hr/NDAR_INV2PG9W3G7/preprocessed/rs_fc.pt
NDAR_INV2R0HFJ5Y,/midtier/sablab/scratch/lem4012/data/abcd-data-hr/NDAR_INV2R0HFJ5Y/preprocessed/rs_fc.pt
NDAR_INV2RCE88HL,/midtier/sablab/scratch/lem4012/data/abcd-data-hr/NDAR_INV2RCE88HL/preprocessed/rs_fc.pt
NDAR_INV2T1G705T,/midtier/sablab/scratch/lem4012/data/abcd-data-hr/NDAR_INV2T1G705T/preprocessed/rs_fc.pt
NDAR_INV2TTD2LB2,/midtier/sablab/scratch/lem4012/data/abcd-data-hr/NDAR_INV2TTD2LB2/preprocessed/rs_fc.pt
NDAR_INV2V8997BF,/midtier/sablab/scratch/lem4012/data/abcd-data-hr/NDAR_INV2V8997BF/preprocessed/rs_fc.pt
NDAR_INV2VGT219A,/midtier/sablab/scratch/lem4012/data/abcd-data-hr/NDAR_INV2VGT219A/preprocessed/rs_fc.pt
NDAR_INV2VHU0WU5,/midtier/sablab/scratch/lem4012/data/abcd-data-hr/NDAR_INV2VHU0WU5/preprocessed/rs_fc.pt
NDAR_INV2W07991D,/midtier/sablab/scratch/lem4012/data/abcd-data-hr/NDAR_INV2W07991D/preprocessed/rs_fc.pt
NDAR_INV2WYPW02N,/midtier/sablab/scratch/lem4012/data/abcd-data-hr/NDAR_INV2WYPW02N/preprocessed/rs_fc.pt
NDAR_INV2X02MDU2,/midtier/sablab/scratch/lem4012/data/abcd-data-hr/NDAR_INV2X02MDU2/preprocessed/rs_fc.pt
NDAR_INV2X9JB86Z,/midtier/sablab/scratch/lem4012/data/abcd-data-hr/NDAR_INV2X9JB86Z/preprocessed/rs_fc.pt
NDAR_INV2YBXVCKR,/midtier/sablab/scratch/lem4012/data/abcd-data-hr/NDAR_INV2YBXVCKR/preprocessed/rs_fc.pt
NDAR_INV2YV96ETT,/midtier/sablab/scratch/lem4012/data/abcd-data-hr/NDAR_INV2YV96ETT/preprocessed/rs_fc.pt
NDAR_INV2Z032PK4,/midtier/sablab/scratch/lem4012/data/abcd-data-hr/NDAR_INV2Z032PK4/preprocessed/rs_fc.pt
NDAR_INV2ZCZ5TAL,/midtier/sablab/scratch/lem4012/data/abcd-data-hr/NDAR_INV2ZCZ5TAL/preprocessed/rs_fc.pt
NDAR_INV301HK4HV,/midtier/sablab/scratch/lem4012/data/abcd-data-hr/NDAR_INV301HK4HV/preprocessed/rs_fc.pt
NDAR_INV302FDTJF,/midtier/sablab/scratch/lem4012/data/abcd-data-hr/NDAR_INV302FDTJF/preprocessed/rs_fc.pt
NDAR_INV32KLKRZC,/midtier/sablab/scratch/lem4012/data/abcd-data-hr/NDAR_INV32KLKRZC/preprocessed/rs_fc.pt
NDAR_INV32WKK9XE,/midtier/sablab/scratch/lem4012/data/abcd-data-hr/NDAR_INV32WKK9XE/preprocessed/rs_fc.pt
NDAR_INV330HNJEV,/midtier/sablab/scratch/lem4012/data/abcd-data-hr/NDAR_INV330HNJEV/preprocessed/rs_fc.pt
NDAR_INV33V4RC97,/midtier/sablab/scratch/lem4012/data/abcd-data-hr/NDAR_INV33V4RC97/preprocessed/rs_fc.pt
NDAR_INV355PUM5E,/midtier/sablab/scratch/lem4012/data/abcd-data-hr/NDAR_INV355PUM5E/preprocessed/rs_fc.pt
NDAR_INV35KNHNNM,/midtier/sablab/scratch/lem4012/data/abcd-data-hr/NDAR_INV35KNHNNM/preprocessed/rs_fc.pt
NDAR_INV36DKMERA,/midtier/sablab/scratch/lem4012/data/abcd-data-hr/NDAR_INV36DKMERA/preprocessed/rs_fc.pt
NDAR_INV36HCR0T5,/midtier/sablab/scratch/lem4012/data/abcd-data-hr/NDAR_INV36HCR0T5/preprocessed/rs_fc.pt
NDAR_INV36ZD3NZC,/midtier/sablab/scratch/lem4012/data/abcd-data-hr/NDAR_INV36ZD3NZC/preprocessed/rs_fc.pt
NDAR_INV38FX2APW,/midtier/sablab/scratch/lem4012/data/abcd-data-hr/NDAR_INV38FX2APW/preprocessed/rs_fc.pt
NDAR_INV38T88Z04,/midtier/sablab/scratch/lem4012/data/abcd-data-hr/NDAR_INV38T88Z04/preprocessed/rs_fc.pt
NDAR_INV38TUEK9N,/midtier/sablab/scratch/lem4012/data/abcd-data-hr/NDAR_INV38TUEK9N/preprocessed/rs_fc.pt
NDAR_INV39L5JHFA,/midtier/sablab/scratch/lem4012/data/abcd-data-hr/NDAR_INV39L5JHFA/preprocessed/rs_fc.pt
NDAR_INV39Z1U19N,/midtier/sablab/scratch/lem4012/data/abcd-data-hr/NDAR_INV39Z1U19N/preprocessed/rs_fc.pt
NDAR_INV3A2DLZTM,/midtier/sablab/scratch/lem4012/data/abcd-data-hr/NDAR_INV3A2DLZTM/preprocessed/rs_fc.pt
NDAR_INV3A81U14B,/midtier/sablab/scratch/lem4012/data/abcd-data-hr/NDAR_INV3A81U14B/preprocessed/rs_fc.pt
NDAR_INV3B1PKLZM,/midtier/sablab/scratch/lem4012/data/abcd-data-hr/NDAR_INV3B1PKLZM/preprocessed/rs_fc.pt
NDAR_INV3B70AX8C,/midtier/sablab/scratch/lem4012/data/abcd-data-hr/NDAR_INV3B70AX8C/preprocessed/rs_fc.pt
NDAR_INV3CLUDH6D,/midtier/sablab/scratch/lem4012/data/abcd-data-hr/NDAR_INV3CLUDH6D/preprocessed/rs_fc.pt
NDAR_INV3D7TEJUE,/midtier/sablab/scratch/lem4012/data/abcd-data-hr/NDAR_INV3D7TEJUE/preprocessed/rs_fc.pt
NDAR_INV3HU0G71U,/midtier/sablab/scratch/lem4012/data/abcd-data-hr/NDAR_INV3HU0G71U/preprocessed/rs_fc.pt
NDAR_INV3HV5ZJLJ,/midtier/sablab/scratch/lem4012/data/abcd-data-hr/NDAR_INV3HV5ZJLJ/preprocessed/rs_fc.pt
NDAR_INV3KBYKMJ2,/midtier/sablab/scratch/lem4012/data/abcd-data-hr/NDAR_INV3KBYKMJ2/preprocessed/rs_fc.pt
NDAR_INV3MDCH394,/midtier/sablab/scratch/lem4012/data/abcd-data-hr/NDAR_INV3MDCH394/preprocessed/rs_fc.pt
NDAR_INV3PKXFBNU,/midtier/sablab/scratch/lem4012/data/abcd-data-hr/NDAR_INV3PKXFBNU/preprocessed/rs_fc.pt
NDAR_INV3PNCV5A7,/midtier/sablab/scratch/lem4012/data/abcd-data-hr/NDAR_INV3PNCV5A7/preprocessed/rs_fc.pt
NDAR_INV3R1XMUN2,/midtier/sablab/scratch/lem4012/data/abcd-data-hr/NDAR_INV3R1XMUN2/preprocessed/rs_fc.pt
NDAR_INV3RXJAR68,/midtier/sablab/scratch/lem4012/data/abcd-data-hr/NDAR_INV3RXJAR68/preprocessed/rs_fc.pt
NDAR_INV3RZ11T2M,/midtier/sablab/scratch/lem4012/data/abcd-data-hr/NDAR_INV3RZ11T2M/preprocessed/rs_fc.pt
NDAR_INV3U3CWTNF,/midtier/sablab/scratch/lem4012/data/abcd-data-hr/NDAR_INV3U3CWTNF/preprocessed/rs_fc.pt
NDAR_INV3UW7BCN8,/midtier/sablab/scratch/lem4012/data/abcd-data-hr/NDAR_INV3UW7BCN8/preprocessed/rs_fc.pt
NDAR_INV3V253V18,/midtier/sablab/scratch/lem4012/data/abcd-data-hr/NDAR_INV3V253V18/preprocessed/rs_fc.pt
NDAR_INV3VNNK2J3,/midtier/sablab/scratch/lem4012/data/abcd-data-hr/NDAR_INV3VNNK2J3/preprocessed/rs_fc.pt
NDAR_INV3WA4PYL5,/midtier/sablab/scratch/lem4012/data/abcd-data-hr/NDAR_INV3WA4PYL5/preprocessed/rs_fc.pt
NDAR_INV3WHJ0U6T,/midtier/sablab/scratch/lem4012/data/abcd-data-hr/NDAR_INV3WHJ0U6T/preprocessed/rs_fc.pt
NDAR_INV3X41ZHVL,/midtier/sablab/scratch/lem4012/data/abcd-data-hr/NDAR_INV3X41ZHVL/preprocessed/rs_fc.pt
NDAR_INV3XKBVA63,/midtier/sablab/scratch/lem4012/data/abcd-data-hr/NDAR_INV3XKBVA63/preprocessed/rs_fc.pt
NDAR_INV3XL11J4W,/midtier/sablab/scratch/lem4012/data/abcd-data-hr/NDAR_INV3XL11J4W/preprocessed/rs_fc.pt
NDAR_INV3XVWEYUY,/midtier/sablab/scratch/lem4012/data/abcd-data-hr/NDAR_INV3XVWEYUY/preprocessed/rs_fc.pt
NDAR_INV3XZKYEVA,/midtier/sablab/scratch/lem4012/data/abcd-data-hr/NDAR_INV3XZKYEVA/preprocessed/rs_fc.pt
NDAR_INV3Z0RW5RE,/midtier/sablab/scratch/lem4012/data/abcd-data-hr/NDAR_INV3Z0RW5RE/preprocessed/rs_fc.pt
NDAR_INV3Z6H844T,/midtier/sablab/scratch/lem4012/data/abcd-data-hr/NDAR_INV3Z6H844T/preprocessed/rs_fc.pt
NDAR_INV3ZHPLD0X,/midtier/sablab/scratch/lem4012/data/abcd-data-hr/NDAR_INV3ZHPLD0X/preprocessed/rs_fc.pt
NDAR_INV3ZPCUAK0,/midtier/sablab/scratch/lem4012/data/abcd-data-hr/NDAR_INV3ZPCUAK0/preprocessed/rs_fc.pt
NDAR_INV3ZUH1ZHD,/midtier/sablab/scratch/lem4012/data/abcd-data-hr/NDAR_INV3ZUH1ZHD/preprocessed/rs_fc.pt
NDAR_INV427BL6HA,/midtier/sablab/scratch/lem4012/data/abcd-data-hr/NDAR_INV427BL6HA/preprocessed/rs_fc.pt
NDAR_INV42J1GB3Y,/midtier/sablab/scratch/lem4012/data/abcd-data-hr/NDAR_INV42J1GB3Y/preprocessed/rs_fc.pt
NDAR_INV43AFH5U4,/midtier/sablab/scratch/lem4012/data/abcd-data-hr/NDAR_INV43AFH5U4/preprocessed/rs_fc.pt
NDAR_INV43P39GXX,/midtier/sablab/scratch/lem4012/data/abcd-data-hr/NDAR_INV43P39GXX/preprocessed/rs_fc.pt
NDAR_INV43YWL3H0,/midtier/sablab/scratch/lem4012/data/abcd-data-hr/NDAR_INV43YWL3H0/preprocessed/rs_fc.pt
NDAR_INV4422DGC4,/midtier/sablab/scratch/lem4012/data/abcd-data-hr/NDAR_INV4422DGC4/preprocessed/rs_fc.pt
NDAR_INV449WT7FF,/midtier/sablab/scratch/lem4012/data/abcd-data-hr/NDAR_INV449WT7FF/preprocessed/rs_fc.pt
NDAR_INV45BG08PF,/midtier/sablab/scratch/lem4012/data/abcd-data-hr/NDAR_INV45BG08PF/preprocessed/rs_fc.pt
NDAR_INV462XNPPR,/midtier/sablab/scratch/lem4012/data/abcd-data-hr/NDAR_INV462XNPPR/preprocessed/rs_fc.pt
NDAR_INV46BR319Y,/midtier/sablab/scratch/lem4012/data/abcd-data-hr/NDAR_INV46BR319Y/preprocessed/rs_fc.pt
NDAR_INV474A4X05,/midtier/sablab/scratch/lem4012/data/abcd-data-hr/NDAR_INV474A4X05/preprocessed/rs_fc.pt
NDAR_INV476NCATP,/midtier/sablab/scratch/lem4012/data/abcd-data-hr/NDAR_INV476NCATP/preprocessed/rs_fc.pt
NDAR_INV4AP9GM2Z,/midtier/sablab/scratch/lem4012/data/abcd-data-hr/NDAR_INV4AP9GM2Z/preprocessed/rs_fc.pt
NDAR_INV4B0U03EB,/midtier/sablab/scratch/lem4012/data/abcd-data-hr/NDAR_INV4B0U03EB/preprocessed/rs_fc.pt
NDAR_INV4BB6Z0VU,/midtier/sablab/scratch/lem4012/data/abcd-data-hr/NDAR_INV4BB6Z0VU/preprocessed/rs_fc.pt
NDAR_INV4BU3CBM5,/midtier/sablab/scratch/lem4012/data/abcd-data-hr/NDAR_INV4BU3CBM5/preprocessed/rs_fc.pt
NDAR_INV4C2YD3TH,/midtier/sablab/scratch/lem4012/data/abcd-data-hr/NDAR_INV4C2YD3TH/preprocessed/rs_fc.pt
NDAR_INV4C8YJ9BG,/midtier/sablab/scratch/lem4012/data/abcd-data-hr/NDAR_INV4C8YJ9BG/preprocessed/rs_fc.pt
NDAR_INV4D6F5KCG,/midtier/sablab/scratch/lem4012/data/abcd-data-hr/NDAR_INV4D6F5KCG/preprocessed/rs_fc.pt
NDAR_INV4D917H14,/midtier/sablab/scratch/lem4012/data/abcd-data-hr/NDAR_INV4D917H14/preprocessed/rs_fc.pt
NDAR_INV4EJ61L2C,/midtier/sablab/scratch/lem4012/data/abcd-data-hr/NDAR_INV4EJ61L2C/preprocessed/rs_fc.pt
NDAR_INV4EKBZJTW,/midtier/sablab/scratch/lem4012/data/abcd-data-hr/NDAR_INV4EKBZJTW/preprocessed/rs_fc.pt
NDAR_INV4ET3VY02,/midtier/sablab/scratch/lem4012/data/abcd-data-hr/NDAR_INV4ET3VY02/preprocessed/rs_fc.pt
NDAR_INV4F29HZH4,/midtier/sablab/scratch/lem4012/data/abcd-data-hr/NDAR_INV4F29HZH4/preprocessed/rs_fc.pt
NDAR_INV4F95WY7X,/midtier/sablab/scratch/lem4012/data/abcd-data-hr/NDAR_INV4F95WY7X/preprocessed/rs_fc.pt
NDAR_INV4G19G9J8,/midtier/sablab/scratch/lem4012/data/abcd-data-hr/NDAR_INV4G19G9J8/preprocessed/rs_fc.pt
NDAR_INV4G2RL68U,/midtier/sablab/scratch/lem4012/data/abcd-data-hr/NDAR_INV4G2RL68U/preprocessed/rs_fc.pt
NDAR_INV4GL2HZC0,/midtier/sablab/scratch/lem4012/data/abcd-data-hr/NDAR_INV4GL2HZC0/preprocessed/rs_fc.pt
NDAR_INV4H3YKMX6,/midtier/sablab/scratch/lem4012/data/abcd-data-hr/NDAR_INV4H3YKMX6/preprocessed/rs_fc.pt
NDAR_INV4H7G4RXD,/midtier/sablab/scratch/lem4012/data/abcd-data-hr/NDAR_INV4H7G4RXD/preprocessed/rs_fc.pt
NDAR_INV4HUTD0B9,/midtier/sablab/scratch/lem4012/data/abcd-data-hr/NDAR_INV4HUTD0B9/preprocessed/rs_fc.pt
NDAR_INV4JAZBMAX,/midtier/sablab/scratch/lem4012/data/abcd-data-hr/NDAR_INV4JAZBMAX/preprocessed/rs_fc.pt
NDAR_INV4JHN1XBR,/midtier/sablab/scratch/lem4012/data/abcd-data-hr/NDAR_INV4JHN1XBR/preprocessed/rs_fc.pt
NDAR_INV4JVM9WML,/midtier/sablab/scratch/lem4012/data/abcd-data-hr/NDAR_INV4JVM9WML/preprocessed/rs_fc.pt
NDAR_INV4M21YVVK,/midtier/sablab/scratch/lem4012/data/abcd-data-hr/NDAR_INV4M21YVVK/preprocessed/rs_fc.pt
NDAR_INV4M8E1EGF,/midtier/sablab/scratch/lem4012/data/abcd-data-hr/NDAR_INV4M8E1EGF/preprocessed/rs_fc.pt
NDAR_INV4MK3V5ZU,/midtier/sablab/scratch/lem4012/data/abcd-data-hr/NDAR_INV4MK3V5ZU/preprocessed/rs_fc.pt
NDAR_INV4NC05L4V,/midtier/sablab/scratch/lem4012/data/abcd-data-hr/NDAR_INV4NC05L4V/preprocessed/rs_fc.pt
NDAR_INV4NPWH7C3,/midtier/sablab/scratch/lem4012/data/abcd-data-hr/NDAR_INV4NPWH7C3/preprocessed/rs_fc.pt
NDAR_INV4PKFHBXH,/midtier/sablab/scratch/lem4012/data/abcd-data-hr/NDAR_INV4PKFHBXH/preprocessed/rs_fc.pt
NDAR_INV4RE6L62Z,/midtier/sablab/scratch/lem4012/data/abcd-data-hr/NDAR_INV4RE6L62Z/preprocessed/rs_fc.pt
NDAR_INV4RJPJXN3,/midtier/sablab/scratch/lem4012/data/abcd-data-hr/NDAR_INV4RJPJXN3/preprocessed/rs_fc.pt
NDAR_INV4RW0XZTG,/midtier/sablab/scratch/lem4012/data/abcd-data-hr/NDAR_INV4RW0XZTG/preprocessed/rs_fc.pt
NDAR_INV4TR6CE01,/midtier/sablab/scratch/lem4012/data/abcd-data-hr/NDAR_INV4TR6CE01/preprocessed/rs_fc.pt
NDAR_INV4WU2W91W,/midtier/sablab/scratch/lem4012/data/abcd-data-hr/NDAR_INV4WU2W91W/preprocessed/rs_fc.pt
NDAR_INV4X6J651P,/midtier/sablab/scratch/lem4012/data/abcd-data-hr/NDAR_INV4X6J651P/preprocessed/rs_fc.pt
NDAR_INV4XBEJ2E7,/midtier/sablab/scratch/lem4012/data/abcd-data-hr/NDAR_INV4XBEJ2E7/preprocessed/rs_fc.pt
NDAR_INV4XMBYXGP,/midtier/sablab/scratch/lem4012/data/abcd-data-hr/NDAR_INV4XMBYXGP/preprocessed/rs_fc.pt
NDAR_INV4XTD87JK,/midtier/sablab/scratch/lem4012/data/abcd-data-hr/NDAR_INV4XTD87JK/preprocessed/rs_fc.pt
NDAR_INV4Y6K99MT,/midtier/sablab/scratch/lem4012/data/abcd-data-hr/NDAR_INV4Y6K99MT/preprocessed/rs_fc.pt
NDAR_INV4YF8CTPA,/midtier/sablab/scratch/lem4012/data/abcd-data-hr/NDAR_INV4YF8CTPA/preprocessed/rs_fc.pt
NDAR_INV4YL383FF,/midtier/sablab/scratch/lem4012/data/abcd-data-hr/NDAR_INV4YL383FF/preprocessed/rs_fc.pt
NDAR_INV4YVTN782,/midtier/sablab/scratch/lem4012/data/abcd-data-hr/NDAR_INV4YVTN782/preprocessed/rs_fc.pt
NDAR_INV4Z7P5V1J,/midtier/sablab/scratch/lem4012/data/abcd-data-hr/NDAR_INV4Z7P5V1J/preprocessed/rs_fc.pt
NDAR_INV4Z9RE0CC,/midtier/sablab/scratch/lem4012/data/abcd-data-hr/NDAR_INV4Z9RE0CC/preprocessed/rs_fc.pt
NDAR_INV4ZTJFWE1,/midtier/sablab/scratch/lem4012/data/abcd-data-hr/NDAR_INV4ZTJFWE1/preprocessed/rs_fc.pt
NDAR_INV4ZTRVWH5,/midtier/sablab/scratch/lem4012/data/abcd-data-hr/NDAR_INV4ZTRVWH5/preprocessed/rs_fc.pt
NDAR_INV507WXWN7,/midtier/sablab/scratch/lem4012/data/abcd-data-hr/NDAR_INV507WXWN7/preprocessed/rs_fc.pt
NDAR_INV512RTCH1,/midtier/sablab/scratch/lem4012/data/abcd-data-hr/NDAR_INV512RTCH1/preprocessed/rs_fc.pt
NDAR_INV51MR96PG,/midtier/sablab/scratch/lem4012/data/abcd-data-hr/NDAR_INV51MR96PG/preprocessed/rs_fc.pt
NDAR_INV5310Z6E2,/midtier/sablab/scratch/lem4012/data/abcd-data-hr/NDAR_INV5310Z6E2/preprocessed/rs_fc.pt
NDAR_INV533LX1UY,/midtier/sablab/scratch/lem4012/data/abcd-data-hr/NDAR_INV533LX1UY/preprocessed/rs_fc.pt
NDAR_INV54KLKJNK,/midtier/sablab/scratch/lem4012/data/abcd-data-hr/NDAR_INV54KLKJNK/preprocessed/rs_fc.pt
NDAR_INV55D9M6F9,/midtier/sablab/scratch/lem4012/data/abcd-data-hr/NDAR_INV55D9M6F9/preprocessed/rs_fc.pt
NDAR_INV55K37VGA,/midtier/sablab/scratch/lem4012/data/abcd-data-hr/NDAR_INV55K37VGA/preprocessed/rs_fc.pt
NDAR_INV55XTBJ9D,/midtier/sablab/scratch/lem4012/data/abcd-data-hr/NDAR_INV55XTBJ9D/preprocessed/rs_fc.pt
NDAR_INV56YTNZ4V,/midtier/sablab/scratch/lem4012/data/abcd-data-hr/NDAR_INV56YTNZ4V/preprocessed/rs_fc.pt
NDAR_INV583EKH0A,/midtier/sablab/scratch/lem4012/data/abcd-data-hr/NDAR_INV583EKH0A/preprocessed/rs_fc.pt
NDAR_INV5890XJCZ,/midtier/sablab/scratch/lem4012/data/abcd-data-hr/NDAR_INV5890XJCZ/preprocessed/rs_fc.pt
NDAR_INV58GL6F39,/midtier/sablab/scratch/lem4012/data/abcd-data-hr/NDAR_INV58GL6F39/preprocessed/rs_fc.pt
NDAR_INV58MP0B36,/midtier/sablab/scratch/lem4012/data/abcd-data-hr/NDAR_INV58MP0B36/preprocessed/rs_fc.pt
NDAR_INV5974KV94,/midtier/sablab/scratch/lem4012/data/abcd-data-hr/NDAR_INV5974KV94/preprocessed/rs_fc.pt
NDAR_INV59MF6Y4H,/midtier/sablab/scratch/lem4012/data/abcd-data-hr/NDAR_INV59MF6Y4H/preprocessed/rs_fc.pt
NDAR_INV5B5DML2V,/midtier/sablab/scratch/lem4012/data/abcd-data-hr/NDAR_INV5B5DML2V/preprocessed/rs_fc.pt
NDAR_INV5BXCGPHW,/midtier/sablab/scratch/lem4012/data/abcd-data-hr/NDAR_INV5BXCGPHW/preprocessed/rs_fc.pt
NDAR_INV5DCHFU4W,/midtier/sablab/scratch/lem4012/data/abcd-data-hr/NDAR_INV5DCHFU4W/preprocessed/rs_fc.pt
NDAR_INV5E5N8A4J,/midtier/sablab/scratch/lem4012/data/abcd-data-hr/NDAR_INV5E5N8A4J/preprocessed/rs_fc.pt
NDAR_INV5FB3U0EJ,/midtier/sablab/scratch/lem4012/data/abcd-data-hr/NDAR_INV5FB3U0EJ/preprocessed/rs_fc.pt
NDAR_INV5FKNM21M,/midtier/sablab/scratch/lem4012/data/abcd-data-hr/NDAR_INV5FKNM21M/preprocessed/rs_fc.pt
NDAR_INV5FR0A6E7,/midtier/sablab/scratch/lem4012/data/abcd-data-hr/NDAR_INV5FR0A6E7/preprocessed/rs_fc.pt
NDAR_INV5G5KBE3H,/midtier/sablab/scratch/lem4012/data/abcd-data-hr/NDAR_INV5G5KBE3H/preprocessed/rs_fc.pt
NDAR_INV5GM4X9AB,/midtier/sablab/scratch/lem4012/data/abcd-data-hr/NDAR_INV5GM4X9AB/preprocessed/rs_fc.pt
NDAR_INV5HDBZPE1,/midtier/sablab/scratch/lem4012/data/abcd-data-hr/NDAR_INV5HDBZPE1/preprocessed/rs_fc.pt
NDAR_INV5J25ZKJV,/midtier/sablab/scratch/lem4012/data/abcd-data-hr/NDAR_INV5J25ZKJV/preprocessed/rs_fc.pt
NDAR_INV5JMX50MK,/midtier/sablab/scratch/lem4012/data/abcd-data-hr/NDAR_INV5JMX50MK/preprocessed/rs_fc.pt
NDAR_INV5KKFRGWA,/midtier/sablab/scratch/lem4012/data/abcd-data-hr/NDAR_INV5KKFRGWA/preprocessed/rs_fc.pt
NDAR_INV5KTH90ED,/midtier/sablab/scratch/lem4012/data/abcd-data-hr/NDAR_INV5KTH90ED/preprocessed/rs_fc.pt
NDAR_INV5LUMKVGJ,/midtier/sablab/scratch/lem4012/data/abcd-data-hr/NDAR_INV5LUMKVGJ/preprocessed/rs_fc.pt
NDAR_INV5LX6W948,/midtier/sablab/scratch/lem4012/data/abcd-data-hr/NDAR_INV5LX6W948/preprocessed/rs_fc.pt
NDAR_INV5MFBJTBG,/midtier/sablab/scratch/lem4012/data/abcd-data-hr/NDAR_INV5MFBJTBG/preprocessed/rs_fc.pt
NDAR_INV5NVYVN9F,/midtier/sablab/scratch/lem4012/data/abcd-data-hr/NDAR_INV5NVYVN9F/preprocessed/rs_fc.pt
NDAR_INV5NZW4ZBJ,/midtier/sablab/scratch/lem4012/data/abcd-data-hr/NDAR_INV5NZW4ZBJ/preprocessed/rs_fc.pt
NDAR_INV5PRF1M68,/midtier/sablab/scratch/lem4012/data/abcd-data-hr/NDAR_INV5PRF1M68/preprocessed/rs_fc.pt
NDAR_INV5PTVY6KC,/midtier/sablab/scratch/lem4012/data/abcd-data-hr/NDAR_INV5PTVY6KC/preprocessed/rs_fc.pt
NDAR_INV5PWUMKR0,/midtier/sablab/scratch/lem4012/data/abcd-data-hr/NDAR_INV5PWUMKR0/preprocessed/rs_fc.pt
NDAR_INV5R386XD4,/midtier/sablab/scratch/lem4012/data/abcd-data-hr/NDAR_INV5R386XD4/preprocessed/rs_fc.pt
NDAR_INV5R43K02F,/midtier/sablab/scratch/lem4012/data/abcd-data-hr/NDAR_INV5R43K02F/preprocessed/rs_fc.pt
NDAR_INV5R57W4GA,/midtier/sablab/scratch/lem4012/data/abcd-data-hr/NDAR_INV5R57W4GA/preprocessed/rs_fc.pt
NDAR_INV5RCURZX7,/midtier/sablab/scratch/lem4012/data/abcd-data-hr/NDAR_INV5RCURZX7/preprocessed/rs_fc.pt
NDAR_INV5T85HNFX,/midtier/sablab/scratch/lem4012/data/abcd-data-hr/NDAR_INV5T85HNFX/preprocessed/rs_fc.pt
NDAR_INV5TT0JL6Z,/midtier/sablab/scratch/lem4012/data/abcd-data-hr/NDAR_INV5TT0JL6Z/preprocessed/rs_fc.pt
NDAR_INV5U8RGRGL,/midtier/sablab/scratch/lem4012/data/abcd-data-hr/NDAR_INV5U8RGRGL/preprocessed/rs_fc.pt
NDAR_INV5UABVWT2,/midtier/sablab/scratch/lem4012/data/abcd-data-hr/NDAR_INV5UABVWT2/preprocessed/rs_fc.pt
NDAR_INV5UEM3B36,/midtier/sablab/scratch/lem4012/data/abcd-data-hr/NDAR_INV5UEM3B36/preprocessed/rs_fc.pt
NDAR_INV5UYTUJ33,/midtier/sablab/scratch/lem4012/data/abcd-data-hr/NDAR_INV5UYTUJ33/preprocessed/rs_fc.pt
NDAR_INV5VVD4E6G,/midtier/sablab/scratch/lem4012/data/abcd-data-hr/NDAR_INV5VVD4E6G/preprocessed/rs_fc.pt
NDAR_INV5WTABLWY,/midtier/sablab/scratch/lem4012/data/abcd-data-hr/NDAR_INV5WTABLWY/preprocessed/rs_fc.pt
NDAR_INV5XLLB0FF,/midtier/sablab/scratch/lem4012/data/abcd-data-hr/NDAR_INV5XLLB0FF/preprocessed/rs_fc.pt
NDAR_INV5ZEMD2C6,/midtier/sablab/scratch/lem4012/data/abcd-data-hr/NDAR_INV5ZEMD2C6/preprocessed/rs_fc.pt
NDAR_INV5ZHBV7HD,/midtier/sablab/scratch/lem4012/data/abcd-data-hr/NDAR_INV5ZHBV7HD/preprocessed/rs_fc.pt
NDAR_INV60VLVXBP,/midtier/sablab/scratch/lem4012/data/abcd-data-hr/NDAR_INV60VLVXBP/preprocessed/rs_fc.pt
NDAR_INV60X56ELW,/midtier/sablab/scratch/lem4012/data/abcd-data-hr/NDAR_INV60X56ELW/preprocessed/rs_fc.pt
NDAR_INV62G4MJ4G,/midtier/sablab/scratch/lem4012/data/abcd-data-hr/NDAR_INV62G4MJ4G/preprocessed/rs_fc.pt
NDAR_INV62K5R39F,/midtier/sablab/scratch/lem4012/data/abcd-data-hr/NDAR_INV62K5R39F/preprocessed/rs_fc.pt
NDAR_INV637CGUEV,/midtier/sablab/scratch/lem4012/data/abcd-data-hr/NDAR_INV637CGUEV/preprocessed/rs_fc.pt
NDAR_INV63M0TP0H,/midtier/sablab/scratch/lem4012/data/abcd-data-hr/NDAR_INV63M0TP0H/preprocessed/rs_fc.pt
NDAR_INV63MHPM68,/midtier/sablab/scratch/lem4012/data/abcd-data-hr/NDAR_INV63MHPM68/preprocessed/rs_fc.pt
NDAR_INV64VXDF5P,/midtier/sablab/scratch/lem4012/data/abcd-data-hr/NDAR_INV64VXDF5P/preprocessed/rs_fc.pt
NDAR_INV65V1Z314,/midtier/sablab/scratch/lem4012/data/abcd-data-hr/NDAR_INV65V1Z314/preprocessed/rs_fc.pt
NDAR_INV65VTXZRA,/midtier/sablab/scratch/lem4012/data/abcd-data-hr/NDAR_INV65VTXZRA/preprocessed/rs_fc.pt
NDAR_INV660006Z5,/midtier/sablab/scratch/lem4012/data/abcd-data-hr/NDAR_INV660006Z5/preprocessed/rs_fc.pt
NDAR_INV66XU9ULV,/midtier/sablab/scratch/lem4012/data/abcd-data-hr/NDAR_INV66XU9ULV/preprocessed/rs_fc.pt
NDAR_INV67GRP56R,/midtier/sablab/scratch/lem4012/data/abcd-data-hr/NDAR_INV67GRP56R/preprocessed/rs_fc.pt
NDAR_INV67JE45TU,/midtier/sablab/scratch/lem4012/data/abcd-data-hr/NDAR_INV67JE45TU/preprocessed/rs_fc.pt
NDAR_INV67LUTZ66,/midtier/sablab/scratch/lem4012/data/abcd-data-hr/NDAR_INV67LUTZ66/preprocessed/rs_fc.pt
NDAR_INV69NJR4DR,/midtier/sablab/scratch/lem4012/data/abcd-data-hr/NDAR_INV69NJR4DR/preprocessed/rs_fc.pt
NDAR_INV69UKEYVY,/midtier/sablab/scratch/lem4012/data/abcd-data-hr/NDAR_INV69UKEYVY/preprocessed/rs_fc.pt
NDAR_INV6A3945TH,/midtier/sablab/scratch/lem4012/data/abcd-data-hr/NDAR_INV6A3945TH/preprocessed/rs_fc.pt
NDAR_INV6A87F2YX,/midtier/sablab/scratch/lem4012/data/abcd-data-hr/NDAR_INV6A87F2YX/preprocessed/rs_fc.pt
NDAR_INV6AP3YFJV,/midtier/sablab/scratch/lem4012/data/abcd-data-hr/NDAR_INV6AP3YFJV/preprocessed/rs_fc.pt
NDAR_INV6ARV4JZP,/midtier/sablab/scratch/lem4012/data/abcd-data-hr/NDAR_INV6ARV4JZP/preprocessed/rs_fc.pt
NDAR_INV6BE95J7K,/midtier/sablab/scratch/lem4012/data/abcd-data-hr/NDAR_INV6BE95J7K/preprocessed/rs_fc.pt
NDAR_INV6DHM0P01,/midtier/sablab/scratch/lem4012/data/abcd-data-hr/NDAR_INV6DHM0P01/preprocessed/rs_fc.pt
NDAR_INV6EJF2KCZ,/midtier/sablab/scratch/lem4012/data/abcd-data-hr/NDAR_INV6EJF2KCZ/preprocessed/rs_fc.pt
NDAR_INV6G618RT0,/midtier/sablab/scratch/lem4012/data/abcd-data-hr/NDAR_INV6G618RT0/preprocessed/rs_fc.pt
NDAR_INV6H4LKF9P,/midtier/sablab/scratch/lem4012/data/abcd-data-hr/NDAR_INV6H4LKF9P/preprocessed/rs_fc.pt
NDAR_INV6HGWZFVC,/midtier/sablab/scratch/lem4012/data/abcd-data-hr/NDAR_INV6HGWZFVC/preprocessed/rs_fc.pt
NDAR_INV6J2LL0DX,/midtier/sablab/scratch/lem4012/data/abcd-data-hr/NDAR_INV6J2LL0DX/preprocessed/rs_fc.pt
NDAR_INV6JFY5LBB,/midtier/sablab/scratch/lem4012/data/abcd-data-hr/NDAR_INV6JFY5LBB/preprocessed/rs_fc.pt
NDAR_INV6K35WWL0,/midtier/sablab/scratch/lem4012/data/abcd-data-hr/NDAR_INV6K35WWL0/preprocessed/rs_fc.pt
NDAR_INV6KEGPJ6J,/midtier/sablab/scratch/lem4012/data/abcd-data-hr/NDAR_INV6KEGPJ6J/preprocessed/rs_fc.pt
NDAR_INV6KUUNE55,/midtier/sablab/scratch/lem4012/data/abcd-data-hr/NDAR_INV6KUUNE55/preprocessed/rs_fc.pt
NDAR_INV6LJL1R97,/midtier/sablab/scratch/lem4012/data/abcd-data-hr/NDAR_INV6LJL1R97/preprocessed/rs_fc.pt
NDAR_INV6LW8CTG9,/midtier/sablab/scratch/lem4012/data/abcd-data-hr/NDAR_INV6LW8CTG9/preprocessed/rs_fc.pt
NDAR_INV6NYCB4Y6,/midtier/sablab/scratch/lem4012/data/abcd-data-hr/NDAR_INV6NYCB4Y6/preprocessed/rs_fc.pt
NDAR_INV6PWHXMEW,/midtier/sablab/scratch/lem4012/data/abcd-data-hr/NDAR_INV6PWHXMEW/preprocessed/rs_fc.pt
NDAR_INV6PX8VT24,/midtier/sablab/scratch/lem4012/data/abcd-data-hr/NDAR_INV6PX8VT24/preprocessed/rs_fc.pt
NDAR_INV6R8YX29J,/midtier/sablab/scratch/lem4012/data/abcd-data-hr/NDAR_INV6R8YX29J/preprocessed/rs_fc.pt
NDAR_INV6TFE3J8G,/midtier/sablab/scratch/lem4012/data/abcd-data-hr/NDAR_INV6TFE3J8G/preprocessed/rs_fc.pt
NDAR_INV6THWFPJL,/midtier/sablab/scratch/lem4012/data/abcd-data-hr/NDAR_INV6THWFPJL/preprocessed/rs_fc.pt
NDAR_INV6U7X519L,/midtier/sablab/scratch/lem4012/data/abcd-data-hr/NDAR_INV6U7X519L/preprocessed/rs_fc.pt
NDAR_INV6UH8VGPA,/midtier/sablab/scratch/lem4012/data/abcd-data-hr/NDAR_INV6UH8VGPA/preprocessed/rs_fc.pt
NDAR_INV6UU2L6YJ,/midtier/sablab/scratch/lem4012/data/abcd-data-hr/NDAR_INV6UU2L6YJ/preprocessed/rs_fc.pt
NDAR_INV6UZL0D8M,/midtier/sablab/scratch/lem4012/data/abcd-data-hr/NDAR_INV6UZL0D8M/preprocessed/rs_fc.pt
NDAR_INV6VUN0VRU,/midtier/sablab/scratch/lem4012/data/abcd-data-hr/NDAR_INV6VUN0VRU/preprocessed/rs_fc.pt
NDAR_INV6W2Z90PJ,/midtier/sablab/scratch/lem4012/data/abcd-data-hr/NDAR_INV6W2Z90PJ/preprocessed/rs_fc.pt
NDAR_INV6W6JXPC8,/midtier/sablab/scratch/lem4012/data/abcd-data-hr/NDAR_INV6W6JXPC8/preprocessed/rs_fc.pt
NDAR_INV6WNLK5EN,/midtier/sablab/scratch/lem4012/data/abcd-data-hr/NDAR_INV6WNLK5EN/preprocessed/rs_fc.pt
NDAR_INV6XTLR9MW,/midtier/sablab/scratch/lem4012/data/abcd-data-hr/NDAR_INV6XTLR9MW/preprocessed/rs_fc.pt
NDAR_INV6YVYFKU7,/midtier/sablab/scratch/lem4012/data/abcd-data-hr/NDAR_INV6YVYFKU7/preprocessed/rs_fc.pt
NDAR_INV6Z1RJLBY,/midtier/sablab/scratch/lem4012/data/abcd-data-hr/NDAR_INV6Z1RJLBY/preprocessed/rs_fc.pt
NDAR_INV6ZTLWMWW,/midtier/sablab/scratch/lem4012/data/abcd-data-hr/NDAR_INV6ZTLWMWW/preprocessed/rs_fc.pt
NDAR_INV6ZU9NKBV,/midtier/sablab/scratch/lem4012/data/abcd-data-hr/NDAR_INV6ZU9NKBV/preprocessed/rs_fc.pt
NDAR_INV70NBRYWP,/midtier/sablab/scratch/lem4012/data/abcd-data-hr/NDAR_INV70NBRYWP/preprocessed/rs_fc.pt
NDAR_INV7203PRBW,/midtier/sablab/scratch/lem4012/data/abcd-data-hr/NDAR_INV7203PRBW/preprocessed/rs_fc.pt
NDAR_INV727KPM9N,/midtier/sablab/scratch/lem4012/data/abcd-data-hr/NDAR_INV727KPM9N/preprocessed/rs_fc.pt
NDAR_INV72J2TKB2,/midtier/sablab/scratch/lem4012/data/abcd-data-hr/NDAR_INV72J2TKB2/preprocessed/rs_fc.pt
NDAR_INV72N0GYL5,/midtier/sablab/scratch/lem4012/data/abcd-data-hr/NDAR_INV72N0GYL5/preprocessed/rs_fc.pt
NDAR_INV735T3VEK,/midtier/sablab/scratch/lem4012/data/abcd-data-hr/NDAR_INV735T3VEK/preprocessed/rs_fc.pt
NDAR_INV75VFMGNT,/midtier/sablab/scratch/lem4012/data/abcd-data-hr/NDAR_INV75VFMGNT/preprocessed/rs_fc.pt
NDAR_INV75ZYAV1X,/midtier/sablab/scratch/lem4012/data/abcd-data-hr/NDAR_INV75ZYAV1X/preprocessed/rs_fc.pt
NDAR_INV7616XCLL,/midtier/sablab/scratch/lem4012/data/abcd-data-hr/NDAR_INV7616XCLL/preprocessed/rs_fc.pt
NDAR_INV769BNJY5,/midtier/sablab/scratch/lem4012/data/abcd-data-hr/NDAR_INV769BNJY5/preprocessed/rs_fc.pt
NDAR_INV76K5LEL6,/midtier/sablab/scratch/lem4012/data/abcd-data-hr/NDAR_INV76K5LEL6/preprocessed/rs_fc.pt
NDAR_INV76NR9YPR,/midtier/sablab/scratch/lem4012/data/abcd-data-hr/NDAR_INV76NR9YPR/preprocessed/rs_fc.pt
NDAR_INV78TL163B,/midtier/sablab/scratch/lem4012/data/abcd-data-hr/NDAR_INV78TL163B/preprocessed/rs_fc.pt
NDAR_INV78ZMU14W,/midtier/sablab/scratch/lem4012/data/abcd-data-hr/NDAR_INV78ZMU14W/preprocessed/rs_fc.pt
NDAR_INV79LWB567,/midtier/sablab/scratch/lem4012/data/abcd-data-hr/NDAR_INV79LWB567/preprocessed/rs_fc.pt
NDAR_INV79ZA5TBC,/midtier/sablab/scratch/lem4012/data/abcd-data-hr/NDAR_INV79ZA5TBC/preprocessed/rs_fc.pt
NDAR_INV7APJG7TK,/midtier/sablab/scratch/lem4012/data/abcd-data-hr/NDAR_INV7APJG7TK/preprocessed/rs_fc.pt
NDAR_INV7B7LHAU0,/midtier/sablab/scratch/lem4012/data/abcd-data-hr/NDAR_INV7B7LHAU0/preprocessed/rs_fc.pt
NDAR_INV7BKAZZAM,/midtier/sablab/scratch/lem4012/data/abcd-data-hr/NDAR_INV7BKAZZAM/preprocessed/rs_fc.pt
NDAR_INV7EZLY570,/midtier/sablab/scratch/lem4012/data/abcd-data-hr/NDAR_INV7EZLY570/preprocessed/rs_fc.pt
NDAR_INV7H18U74U,/midtier/sablab/scratch/lem4012/data/abcd-data-hr/NDAR_INV7H18U74U/preprocessed/rs_fc.pt
NDAR_INV7H3FYUBB,/midtier/sablab/scratch/lem4012/data/abcd-data-hr/NDAR_INV7H3FYUBB/preprocessed/rs_fc.pt
NDAR_INV7H784TK5,/midtier/sablab/scratch/lem4012/data/abcd-data-hr/NDAR_INV7H784TK5/preprocessed/rs_fc.pt
NDAR_INV7J8ECUH7,/midtier/sablab/scratch/lem4012/data/abcd-data-hr/NDAR_INV7J8ECUH7/preprocessed/rs_fc.pt
NDAR_INV7JG0B0Y1,/midtier/sablab/scratch/lem4012/data/abcd-data-hr/NDAR_INV7JG0B0Y1/preprocessed/rs_fc.pt
NDAR_INV7JUL4TDF,/midtier/sablab/scratch/lem4012/data/abcd-data-hr/NDAR_INV7JUL4TDF/preprocessed/rs_fc.pt
NDAR_INV7KN1R7KK,/midtier/sablab/scratch/lem4012/data/abcd-data-hr/NDAR_INV7KN1R7KK/preprocessed/rs_fc.pt
NDAR_INV7KT820XL,/midtier/sablab/scratch/lem4012/data/abcd-data-hr/NDAR_INV7KT820XL/preprocessed/rs_fc.pt
NDAR_INV7LKX2BU4,/midtier/sablab/scratch/lem4012/data/abcd-data-hr/NDAR_INV7LKX2BU4/preprocessed/rs_fc.pt
NDAR_INV7M5CVFA6,/midtier/sablab/scratch/lem4012/data/abcd-data-hr/NDAR_INV7M5CVFA6/preprocessed/rs_fc.pt
NDAR_INV7N4ED3TP,/midtier/sablab/scratch/lem4012/data/abcd-data-hr/NDAR_INV7N4ED3TP/preprocessed/rs_fc.pt
NDAR_INV7NKVRYKG,/midtier/sablab/scratch/lem4012/data/abcd-data-hr/NDAR_INV7NKVRYKG/preprocessed/rs_fc.pt
NDAR_INV7R52U5A1,/midtier/sablab/scratch/lem4012/data/abcd-data-hr/NDAR_INV7R52U5A1/preprocessed/rs_fc.pt
NDAR_INV7RNULXT2,/midtier/sablab/scratch/lem4012/data/abcd-data-hr/NDAR_INV7RNULXT2/preprocessed/rs_fc.pt
NDAR_INV7T4X8GL0,/midtier/sablab/scratch/lem4012/data/abcd-data-hr/NDAR_INV7T4X8GL0/preprocessed/rs_fc.pt
NDAR_INV7U0R6TL7,/midtier/sablab/scratch/lem4012/data/abcd-data-hr/NDAR_INV7U0R6TL7/preprocessed/rs_fc.pt
NDAR_INV7V10F8LD,/midtier/sablab/scratch/lem4012/data/abcd-data-hr/NDAR_INV7V10F8LD/preprocessed/rs_fc.pt
NDAR_INV7VG73XLG,/midtier/sablab/scratch/lem4012/data/abcd-data-hr/NDAR_INV7VG73XLG/preprocessed/rs_fc.pt
NDAR_INV7W71JDAD,/midtier/sablab/scratch/lem4012/data/abcd-data-hr/NDAR_INV7W71JDAD/preprocessed/rs_fc.pt
NDAR_INV7X4N428L,/midtier/sablab/scratch/lem4012/data/abcd-data-hr/NDAR_INV7X4N428L/preprocessed/rs_fc.pt
NDAR_INV7XF3TWTY,/midtier/sablab/scratch/lem4012/data/abcd-data-hr/NDAR_INV7XF3TWTY/preprocessed/rs_fc.pt
NDAR_INV7XRE8WCY,/midtier/sablab/scratch/lem4012/data/abcd-data-hr/NDAR_INV7XRE8WCY/preprocessed/rs_fc.pt
NDAR_INV7Y7JEGPW,/midtier/sablab/scratch/lem4012/data/abcd-data-hr/NDAR_INV7Y7JEGPW/preprocessed/rs_fc.pt
NDAR_INV7YKXALB5,/midtier/sablab/scratch/lem4012/data/abcd-data-hr/NDAR_INV7YKXALB5/preprocessed/rs_fc.pt
NDAR_INV7YZP2ZNL,/midtier/sablab/scratch/lem4012/data/abcd-data-hr/NDAR_INV7YZP2ZNL/preprocessed/rs_fc.pt
NDAR_INV7Z1M7N95,/midtier/sablab/scratch/lem4012/data/abcd-data-hr/NDAR_INV7Z1M7N95/preprocessed/rs_fc.pt
NDAR_INV81R15GP2,/midtier/sablab/scratch/lem4012/data/abcd-data-hr/NDAR_INV81R15GP2/preprocessed/rs_fc.pt
NDAR_INV82NHMAYL,/midtier/sablab/scratch/lem4012/data/abcd-data-hr/NDAR_INV82NHMAYL/preprocessed/rs_fc.pt
NDAR_INV8371H1L8,/midtier/sablab/scratch/lem4012/data/abcd-data-hr/NDAR_INV8371H1L8/preprocessed/rs_fc.pt
NDAR_INV83ZDBYTJ,/midtier/sablab/scratch/lem4012/data/abcd-data-hr/NDAR_INV83ZDBYTJ/preprocessed/rs_fc.pt
NDAR_INV851T3JYC,/midtier/sablab/scratch/lem4012/data/abcd-data-hr/NDAR_INV851T3JYC/preprocessed/rs_fc.pt
NDAR_INV8538BJYN,/midtier/sablab/scratch/lem4012/data/abcd-data-hr/NDAR_INV8538BJYN/preprocessed/rs_fc.pt
NDAR_INV85UUUHN0,/midtier/sablab/scratch/lem4012/data/abcd-data-hr/NDAR_INV85UUUHN0/preprocessed/rs_fc.pt
NDAR_INV8666P5JN,/midtier/sablab/scratch/lem4012/data/abcd-data-hr/NDAR_INV8666P5JN/preprocessed/rs_fc.pt
NDAR_INV86NEYD0L,/midtier/sablab/scratch/lem4012/data/abcd-data-hr/NDAR_INV86NEYD0L/preprocessed/rs_fc.pt
NDAR_INV86RR49HT,/midtier/sablab/scratch/lem4012/data/abcd-data-hr/NDAR_INV86RR49HT/preprocessed/rs_fc.pt
NDAR_INV87C4733D,/midtier/sablab/scratch/lem4012/data/abcd-data-hr/NDAR_INV87C4733D/preprocessed/rs_fc.pt
NDAR_INV87L30DBB,/midtier/sablab/scratch/lem4012/data/abcd-data-hr/NDAR_INV87L30DBB/preprocessed/rs_fc.pt
NDAR_INV87XG4274,/midtier/sablab/scratch/lem4012/data/abcd-data-hr/NDAR_INV87XG4274/preprocessed/rs_fc.pt
NDAR_INV88RGRPEF,/midtier/sablab/scratch/lem4012/data/abcd-data-hr/NDAR_INV88RGRPEF/preprocessed/rs_fc.pt
NDAR_INV898CW3V8,/midtier/sablab/scratch/lem4012/data/abcd-data-hr/NDAR_INV898CW3V8/preprocessed/rs_fc.pt
NDAR_INV89B7M962,/midtier/sablab/scratch/lem4012/data/abcd-data-hr/NDAR_INV89B7M962/preprocessed/rs_fc.pt
NDAR_INV8A1N51J2,/midtier/sablab/scratch/lem4012/data/abcd-data-hr/NDAR_INV8A1N51J2/preprocessed/rs_fc.pt
NDAR_INV8ABZJ66W,/midtier/sablab/scratch/lem4012/data/abcd-data-hr/NDAR_INV8ABZJ66W/preprocessed/rs_fc.pt
NDAR_INV8AGDK03U,/midtier/sablab/scratch/lem4012/data/abcd-data-hr/NDAR_INV8AGDK03U/preprocessed/rs_fc.pt
NDAR_INV8B420LH2,/midtier/sablab/scratch/lem4012/data/abcd-data-hr/NDAR_INV8B420LH2/preprocessed/rs_fc.pt
NDAR_INV8CF2117B,/midtier/sablab/scratch/lem4012/data/abcd-data-hr/NDAR_INV8CF2117B/preprocessed/rs_fc.pt
NDAR_INV8CW241FZ,/midtier/sablab/scratch/lem4012/data/abcd-data-hr/NDAR_INV8CW241FZ/preprocessed/rs_fc.pt
NDAR_INV8CY1MFAT,/midtier/sablab/scratch/lem4012/data/abcd-data-hr/NDAR_INV8CY1MFAT/preprocessed/rs_fc.pt
NDAR_INV8DV0K9FK,/midtier/sablab/scratch/lem4012/data/abcd-data-hr/NDAR_INV8DV0K9FK/preprocessed/rs_fc.pt
NDAR_INV8E2WVMNK,/midtier/sablab/scratch/lem4012/data/abcd-data-hr/NDAR_INV8E2WVMNK/preprocessed/rs_fc.pt
NDAR_INV8EM420D1,/midtier/sablab/scratch/lem4012/data/abcd-data-hr/NDAR_INV8EM420D1/preprocessed/rs_fc.pt
NDAR_INV8EUP2KFK,/midtier/sablab/scratch/lem4012/data/abcd-data-hr/NDAR_INV8EUP2KFK/preprocessed/rs_fc.pt
NDAR_INV8EWZ9BDP,/midtier/sablab/scratch/lem4012/data/abcd-data-hr/NDAR_INV8EWZ9BDP/preprocessed/rs_fc.pt
NDAR_INV8GEUGXPD,/midtier/sablab/scratch/lem4012/data/abcd-data-hr/NDAR_INV8GEUGXPD/preprocessed/rs_fc.pt
NDAR_INV8H756ZWX,/midtier/sablab/scratch/lem4012/data/abcd-data-hr/NDAR_INV8H756ZWX/preprocessed/rs_fc.pt
NDAR_INV8HBTBDE2,/midtier/sablab/scratch/lem4012/data/abcd-data-hr/NDAR_INV8HBTBDE2/preprocessed/rs_fc.pt
NDAR_INV8J2PXGLH,/midtier/sablab/scratch/lem4012/data/abcd-data-hr/NDAR_INV8J2PXGLH/preprocessed/rs_fc.pt
NDAR_INV8J5VU553,/midtier/sablab/scratch/lem4012/data/abcd-data-hr/NDAR_INV8J5VU553/preprocessed/rs_fc.pt
NDAR_INV8JE4ME3N,/midtier/sablab/scratch/lem4012/data/abcd-data-hr/NDAR_INV8JE4ME3N/preprocessed/rs_fc.pt
NDAR_INV8JFJ11AG,/midtier/sablab/scratch/lem4012/data/abcd-data-hr/NDAR_INV8JFJ11AG/preprocessed/rs_fc.pt
NDAR_INV8JT1BA75,/midtier/sablab/scratch/lem4012/data/abcd-data-hr/NDAR_INV8JT1BA75/preprocessed/rs_fc.pt
NDAR_INV8K2DKV3D,/midtier/sablab/scratch/lem4012/data/abcd-data-hr/NDAR_INV8K2DKV3D/preprocessed/rs_fc.pt
NDAR_INV8KHWVMVW,/midtier/sablab/scratch/lem4012/data/abcd-data-hr/NDAR_INV8KHWVMVW/preprocessed/rs_fc.pt
NDAR_INV8L43BG60,/midtier/sablab/scratch/lem4012/data/abcd-data-hr/NDAR_INV8L43BG60/preprocessed/rs_fc.pt
NDAR_INV8LZNH731,/midtier/sablab/scratch/lem4012/data/abcd-data-hr/NDAR_INV8LZNH731/preprocessed/rs_fc.pt
NDAR_INV8MD5H3AW,/midtier/sablab/scratch/lem4012/data/abcd-data-hr/NDAR_INV8MD5H3AW/preprocessed/rs_fc.pt
NDAR_INV8MHLZCL8,/midtier/sablab/scratch/lem4012/data/abcd-data-hr/NDAR_INV8MHLZCL8/preprocessed/rs_fc.pt
NDAR_INV8P2LE3UR,/midtier/sablab/scratch/lem4012/data/abcd-data-hr/NDAR_INV8P2LE3UR/preprocessed/rs_fc.pt
NDAR_INV8PE4N8DM,/midtier/sablab/scratch/lem4012/data/abcd-data-hr/NDAR_INV8PE4N8DM/preprocessed/rs_fc.pt
NDAR_INV8PMAFPCV,/midtier/sablab/scratch/lem4012/data/abcd-data-hr/NDAR_INV8PMAFPCV/preprocessed/rs_fc.pt
NDAR_INV8RJK7YDV,/midtier/sablab/scratch/lem4012/data/abcd-data-hr/NDAR_INV8RJK7YDV/preprocessed/rs_fc.pt
NDAR_INV8T0MD0HG,/midtier/sablab/scratch/lem4012/data/abcd-data-hr/NDAR_INV8T0MD0HG/preprocessed/rs_fc.pt
NDAR_INV8TANGV9P,/midtier/sablab/scratch/lem4012/data/abcd-data-hr/NDAR_INV8TANGV9P/preprocessed/rs_fc.pt
NDAR_INV8THNUUY3,/midtier/sablab/scratch/lem4012/data/abcd-data-hr/NDAR_INV8THNUUY3/preprocessed/rs_fc.pt
NDAR_INV8TJPUWXP,/midtier/sablab/scratch/lem4012/data/abcd-data-hr/NDAR_INV8TJPUWXP/preprocessed/rs_fc.pt
NDAR_INV8U3ZUTV6,/midtier/sablab/scratch/lem4012/data/abcd-data-hr/NDAR_INV8U3ZUTV6/preprocessed/rs_fc.pt
NDAR_INV8VA4L6RD,/midtier/sablab/scratch/lem4012/data/abcd-data-hr/NDAR_INV8VA4L6RD/preprocessed/rs_fc.pt
NDAR_INV8Y8A8NU0,/midtier/sablab/scratch/lem4012/data/abcd-data-hr/NDAR_INV8Y8A8NU0/preprocessed/rs_fc.pt
NDAR_INV8YKR9JAK,/midtier/sablab/scratch/lem4012/data/abcd-data-hr/NDAR_INV8YKR9JAK/preprocessed/rs_fc.pt
NDAR_INV8YW7NZDX,/midtier/sablab/scratch/lem4012/data/abcd-data-hr/NDAR_INV8YW7NZDX/preprocessed/rs_fc.pt
NDAR_INV8Z3XXD69,/midtier/sablab/scratch/lem4012/data/abcd-data-hr/NDAR_INV8Z3XXD69/preprocessed/rs_fc.pt
NDAR_INV8Z935ZNC,/midtier/sablab/scratch/lem4012/data/abcd-data-hr/NDAR_INV8Z935ZNC/preprocessed/rs_fc.pt
NDAR_INV8ZAB17TC,/midtier/sablab/scratch/lem4012/data/abcd-data-hr/NDAR_INV8ZAB17TC/preprocessed/rs_fc.pt
NDAR_INV8ZCTKXDR,/midtier/sablab/scratch/lem4012/data/abcd-data-hr/NDAR_INV8ZCTKXDR/preprocessed/rs_fc.pt
NDAR_INV8ZJDFVDW,/midtier/sablab/scratch/lem4012/data/abcd-data-hr/NDAR_INV8ZJDFVDW/preprocessed/rs_fc.pt
NDAR_INV90DJ18JF,/midtier/sablab/scratch/lem4012/data/abcd-data-hr/NDAR_INV90DJ18JF/preprocessed/rs_fc.pt
NDAR_INV90HEMJDR,/midtier/sablab/scratch/lem4012/data/abcd-data-hr/NDAR_INV90HEMJDR/preprocessed/rs_fc.pt
NDAR_INV90MGDTFD,/midtier/sablab/scratch/lem4012/data/abcd-data-hr/NDAR_INV90MGDTFD/preprocessed/rs_fc.pt
NDAR_INV90T8PKLB,/midtier/sablab/scratch/lem4012/data/abcd-data-hr/NDAR_INV90T8PKLB/preprocessed/rs_fc.pt
NDAR_INV910NJYX0,/midtier/sablab/scratch/lem4012/data/abcd-data-hr/NDAR_INV910NJYX0/preprocessed/rs_fc.pt
NDAR_INV915YKBPY,/midtier/sablab/scratch/lem4012/data/abcd-data-hr/NDAR_INV915YKBPY/preprocessed/rs_fc.pt
NDAR_INV91KPPX8A,/midtier/sablab/scratch/lem4012/data/abcd-data-hr/NDAR_INV91KPPX8A/preprocessed/rs_fc.pt
NDAR_INV91NNHKF0,/midtier/sablab/scratch/lem4012/data/abcd-data-hr/NDAR_INV91NNHKF0/preprocessed/rs_fc.pt
NDAR_INV91ZBKM4B,/midtier/sablab/scratch/lem4012/data/abcd-data-hr/NDAR_INV91ZBKM4B/preprocessed/rs_fc.pt
NDAR_INV92V7K5PE,/midtier/sablab/scratch/lem4012/data/abcd-data-hr/NDAR_INV92V7K5PE/preprocessed/rs_fc.pt
NDAR_INV92Z37BWN,/midtier/sablab/scratch/lem4012/data/abcd-data-hr/NDAR_INV92Z37BWN/preprocessed/rs_fc.pt
NDAR_INV9316NFE7,/midtier/sablab/scratch/lem4012/data/abcd-data-hr/NDAR_INV9316NFE7/preprocessed/rs_fc.pt
NDAR_INV93AY6461,/midtier/sablab/scratch/lem4012/data/abcd-data-hr/NDAR_INV93AY6461/preprocessed/rs_fc.pt
NDAR_INV93JXKKF3,/midtier/sablab/scratch/lem4012/data/abcd-data-hr/NDAR_INV93JXKKF3/preprocessed/rs_fc.pt
NDAR_INV94N0G9TC,/midtier/sablab/scratch/lem4012/data/abcd-data-hr/NDAR_INV94N0G9TC/preprocessed/rs_fc.pt
NDAR_INV94N4B0N9,/midtier/sablab/scratch/lem4012/data/abcd-data-hr/NDAR_INV94N4B0N9/preprocessed/rs_fc.pt
NDAR_INV94NCJR76,/midtier/sablab/scratch/lem4012/data/abcd-data-hr/NDAR_INV94NCJR76/preprocessed/rs_fc.pt
NDAR_INV94V97129,/midtier/sablab/scratch/lem4012/data/abcd-data-hr/NDAR_INV94V97129/preprocessed/rs_fc.pt
NDAR_INV963N6B2W,/midtier/sablab/scratch/lem4012/data/abcd-data-hr/NDAR_INV963N6B2W/preprocessed/rs_fc.pt
NDAR_INV96KG6C49,/midtier/sablab/scratch/lem4012/data/abcd-data-hr/NDAR_INV96KG6C49/preprocessed/rs_fc.pt
NDAR_INV96YWY80W,/midtier/sablab/scratch/lem4012/data/abcd-data-hr/NDAR_INV96YWY80W/preprocessed/rs_fc.pt
NDAR_INV974A9111,/midtier/sablab/scratch/lem4012/data/abcd-data-hr/NDAR_INV974A9111/preprocessed/rs_fc.pt
NDAR_INV97RLXMF9,/midtier/sablab/scratch/lem4012/data/abcd-data-hr/NDAR_INV97RLXMF9/preprocessed/rs_fc.pt
NDAR_INV97YY6Y1R,/midtier/sablab/scratch/lem4012/data/abcd-data-hr/NDAR_INV97YY6Y1R/preprocessed/rs_fc.pt
NDAR_INV987KVUCX,/midtier/sablab/scratch/lem4012/data/abcd-data-hr/NDAR_INV987KVUCX/preprocessed/rs_fc.pt
NDAR_INV99F38BWD,/midtier/sablab/scratch/lem4012/data/abcd-data-hr/NDAR_INV99F38BWD/preprocessed/rs_fc.pt
NDAR_INV99J6PWJX,/midtier/sablab/scratch/lem4012/data/abcd-data-hr/NDAR_INV99J6PWJX/preprocessed/rs_fc.pt
NDAR_INV9A6HTXF6,/midtier/sablab/scratch/lem4012/data/abcd-data-hr/NDAR_INV9A6HTXF6/preprocessed/rs_fc.pt
NDAR_INV9ACM4FBA,/midtier/sablab/scratch/lem4012/data/abcd-data-hr/NDAR_INV9ACM4FBA/preprocessed/rs_fc.pt
NDAR_INV9AH5WYA7,/midtier/sablab/scratch/lem4012/data/abcd-data-hr/NDAR_INV9AH5WYA7/preprocessed/rs_fc.pt
NDAR_INV9B14E538,/midtier/sablab/scratch/lem4012/data/abcd-data-hr/NDAR_INV9B14E538/preprocessed/rs_fc.pt
NDAR_INV9BBUE6LG,/midtier/sablab/scratch/lem4012/data/abcd-data-hr/NDAR_INV9BBUE6LG/preprocessed/rs_fc.pt
NDAR_INV9BZ2E5LT,/midtier/sablab/scratch/lem4012/data/abcd-data-hr/NDAR_INV9BZ2E5LT/preprocessed/rs_fc.pt
NDAR_INV9CA16AC9,/midtier/sablab/scratch/lem4012/data/abcd-data-hr/NDAR_INV9CA16AC9/preprocessed/rs_fc.pt
NDAR_INV9DJ99NND,/midtier/sablab/scratch/lem4012/data/abcd-data-hr/NDAR_INV9DJ99NND/preprocessed/rs_fc.pt
NDAR_INV9EFM2PFZ,/midtier/sablab/scratch/lem4012/data/abcd-data-hr/NDAR_INV9EFM2PFZ/preprocessed/rs_fc.pt
NDAR_INV9EXP03YM,/midtier/sablab/scratch/lem4012/data/abcd-data-hr/NDAR_INV9EXP03YM/preprocessed/rs_fc.pt
NDAR_INV9G2Y1NLA,/midtier/sablab/scratch/lem4012/data/abcd-data-hr/NDAR_INV9G2Y1NLA/preprocessed/rs_fc.pt
NDAR_INV9G641C44,/midtier/sablab/scratch/lem4012/data/abcd-data-hr/NDAR_INV9G641C44/preprocessed/rs_fc.pt
NDAR_INV9GU6ALKJ,/midtier/sablab/scratch/lem4012/data/abcd-data-hr/NDAR_INV9GU6ALKJ/preprocessed/rs_fc.pt
NDAR_INV9GUXU365,/midtier/sablab/scratch/lem4012/data/abcd-data-hr/NDAR_INV9GUXU365/preprocessed/rs_fc.pt
NDAR_INV9K7D4LHD,/midtier/sablab/scratch/lem4012/data/abcd-data-hr/NDAR_INV9K7D4LHD/preprocessed/rs_fc.pt
NDAR_INV9KCVTWFZ,/midtier/sablab/scratch/lem4012/data/abcd-data-hr/NDAR_INV9KCVTWFZ/preprocessed/rs_fc.pt
NDAR_INV9KT9V114,/midtier/sablab/scratch/lem4012/data/abcd-data-hr/NDAR_INV9KT9V114/preprocessed/rs_fc.pt
NDAR_INV9LU6R773,/midtier/sablab/scratch/lem4012/data/abcd-data-hr/NDAR_INV9LU6R773/preprocessed/rs_fc.pt
NDAR_INV9LVF1WUU,/midtier/sablab/scratch/lem4012/data/abcd-data-hr/NDAR_INV9LVF1WUU/preprocessed/rs_fc.pt
NDAR_INV9LZU5PJD,/midtier/sablab/scratch/lem4012/data/abcd-data-hr/NDAR_INV9LZU5PJD/preprocessed/rs_fc.pt
NDAR_INV9M8W1495,/midtier/sablab/scratch/lem4012/data/abcd-data-hr/NDAR_INV9M8W1495/preprocessed/rs_fc.pt
NDAR_INV9MDFD681,/midtier/sablab/scratch/lem4012/data/abcd-data-hr/NDAR_INV9MDFD681/preprocessed/rs_fc.pt
NDAR_INV9MF93B7R,/midtier/sablab/scratch/lem4012/data/abcd-data-hr/NDAR_INV9MF93B7R/preprocessed/rs_fc.pt
NDAR_INV9NAL2XKV,/midtier/sablab/scratch/lem4012/data/abcd-data-hr/NDAR_INV9NAL2XKV/preprocessed/rs_fc.pt
NDAR_INV9NJKP5VL,/midtier/sablab/scratch/lem4012/data/abcd-data-hr/NDAR_INV9NJKP5VL/preprocessed/rs_fc.pt
NDAR_INV9NN9PU4H,/midtier/sablab/scratch/lem4012/data/abcd-data-hr/NDAR_INV9NN9PU4H/preprocessed/rs_fc.pt
NDAR_INV9PA518RY,/midtier/sablab/scratch/lem4012/data/abcd-data-hr/NDAR_INV9PA518RY/preprocessed/rs_fc.pt
NDAR_INV9PNVA22B,/midtier/sablab/scratch/lem4012/data/abcd-data-hr/NDAR_INV9PNVA22B/preprocessed/rs_fc.pt
NDAR_INV9R0Z0T45,/midtier/sablab/scratch/lem4012/data/abcd-data-hr/NDAR_INV9R0Z0T45/preprocessed/rs_fc.pt
NDAR_INV9RUX0DHA,/midtier/sablab/scratch/lem4012/data/abcd-data-hr/NDAR_INV9RUX0DHA/preprocessed/rs_fc.pt
NDAR_INV9U32H2E4,/midtier/sablab/scratch/lem4012/data/abcd-data-hr/NDAR_INV9U32H2E4/preprocessed/rs_fc.pt
NDAR_INV9U33DV8X,/midtier/sablab/scratch/lem4012/data/abcd-data-hr/NDAR_INV9U33DV8X/preprocessed/rs_fc.pt
NDAR_INV9UV6PK7Y,/midtier/sablab/scratch/lem4012/data/abcd-data-hr/NDAR_INV9UV6PK7Y/preprocessed/rs_fc.pt
NDAR_INV9V4WNUEA,/midtier/sablab/scratch/lem4012/data/abcd-data-hr/NDAR_INV9V4WNUEA/preprocessed/rs_fc.pt
NDAR_INV9WG8CVTX,/midtier/sablab/scratch/lem4012/data/abcd-data-hr/NDAR_INV9WG8CVTX/preprocessed/rs_fc.pt
NDAR_INV9WKYUT0T,/midtier/sablab/scratch/lem4012/data/abcd-data-hr/NDAR_INV9WKYUT0T/preprocessed/rs_fc.pt
NDAR_INV9XU9GFCB,/midtier/sablab/scratch/lem4012/data/abcd-data-hr/NDAR_INV9XU9GFCB/preprocessed/rs_fc.pt
NDAR_INV9Z6Z0441,/midtier/sablab/scratch/lem4012/data/abcd-data-hr/NDAR_INV9Z6Z0441/preprocessed/rs_fc.pt
NDAR_INV9ZXTBCKF,/midtier/sablab/scratch/lem4012/data/abcd-data-hr/NDAR_INV9ZXTBCKF/preprocessed/rs_fc.pt
NDAR_INV9ZZA72ZY,/midtier/sablab/scratch/lem4012/data/abcd-data-hr/NDAR_INV9ZZA72ZY/preprocessed/rs_fc.pt
NDAR_INVA001KGR6,/midtier/sablab/scratch/lem4012/data/abcd-data-hr/NDAR_INVA001KGR6/preprocessed/rs_fc.pt
NDAR_INVA05T670W,/midtier/sablab/scratch/lem4012/data/abcd-data-hr/NDAR_INVA05T670W/preprocessed/rs_fc.pt
NDAR_INVA06511K8,/midtier/sablab/scratch/lem4012/data/abcd-data-hr/NDAR_INVA06511K8/preprocessed/rs_fc.pt
NDAR_INVA1018P2X,/midtier/sablab/scratch/lem4012/data/abcd-data-hr/NDAR_INVA1018P2X/preprocessed/rs_fc.pt
NDAR_INVA1TDVMA1,/midtier/sablab/scratch/lem4012/data/abcd-data-hr/NDAR_INVA1TDVMA1/preprocessed/rs_fc.pt
NDAR_INVA2CU3J4E,/midtier/sablab/scratch/lem4012/data/abcd-data-hr/NDAR_INVA2CU3J4E/preprocessed/rs_fc.pt
NDAR_INVA2JU9A24,/midtier/sablab/scratch/lem4012/data/abcd-data-hr/NDAR_INVA2JU9A24/preprocessed/rs_fc.pt
NDAR_INVA2VRT06X,/midtier/sablab/scratch/lem4012/data/abcd-data-hr/NDAR_INVA2VRT06X/preprocessed/rs_fc.pt
NDAR_INVA354YMUE,/midtier/sablab/scratch/lem4012/data/abcd-data-hr/NDAR_INVA354YMUE/preprocessed/rs_fc.pt
NDAR_INVA36UUP5T,/midtier/sablab/scratch/lem4012/data/abcd-data-hr/NDAR_INVA36UUP5T/preprocessed/rs_fc.pt
NDAR_INVA3A3F421,/midtier/sablab/scratch/lem4012/data/abcd-data-hr/NDAR_INVA3A3F421/preprocessed/rs_fc.pt
NDAR_INVA4GBE30B,/midtier/sablab/scratch/lem4012/data/abcd-data-hr/NDAR_INVA4GBE30B/preprocessed/rs_fc.pt
NDAR_INVA4V1CUK7,/midtier/sablab/scratch/lem4012/data/abcd-data-hr/NDAR_INVA4V1CUK7/preprocessed/rs_fc.pt
NDAR_INVA52LKE4U,/midtier/sablab/scratch/lem4012/data/abcd-data-hr/NDAR_INVA52LKE4U/preprocessed/rs_fc.pt
NDAR_INVA54MB68D,/midtier/sablab/scratch/lem4012/data/abcd-data-hr/NDAR_INVA54MB68D/preprocessed/rs_fc.pt
NDAR_INVA79CZENJ,/midtier/sablab/scratch/lem4012/data/abcd-data-hr/NDAR_INVA79CZENJ/preprocessed/rs_fc.pt
NDAR_INVA7C00LCP,/midtier/sablab/scratch/lem4012/data/abcd-data-hr/NDAR_INVA7C00LCP/preprocessed/rs_fc.pt
NDAR_INVA81M2MAF,/midtier/sablab/scratch/lem4012/data/abcd-data-hr/NDAR_INVA81M2MAF/preprocessed/rs_fc.pt
NDAR_INVA82HJRPA,/midtier/sablab/scratch/lem4012/data/abcd-data-hr/NDAR_INVA82HJRPA/preprocessed/rs_fc.pt
NDAR_INVA9GJMD11,/midtier/sablab/scratch/lem4012/data/abcd-data-hr/NDAR_INVA9GJMD11/preprocessed/rs_fc.pt
NDAR_INVA9ZW33TZ,/midtier/sablab/scratch/lem4012/data/abcd-data-hr/NDAR_INVA9ZW33TZ/preprocessed/rs_fc.pt
NDAR_INVAA1NVE4B,/midtier/sablab/scratch/lem4012/data/abcd-data-hr/NDAR_INVAA1NVE4B/preprocessed/rs_fc.pt
NDAR_INVAB4VZUWB,/midtier/sablab/scratch/lem4012/data/abcd-data-hr/NDAR_INVAB4VZUWB/preprocessed/rs_fc.pt
NDAR_INVABMADLKV,/midtier/sablab/scratch/lem4012/data/abcd-data-hr/NDAR_INVABMADLKV/preprocessed/rs_fc.pt
NDAR_INVABT64EYE,/midtier/sablab/scratch/lem4012/data/abcd-data-hr/NDAR_INVABT64EYE/preprocessed/rs_fc.pt
NDAR_INVAE6F0NRP,/midtier/sablab/scratch/lem4012/data/abcd-data-hr/NDAR_INVAE6F0NRP/preprocessed/rs_fc.pt
NDAR_INVAED2T8J0,/midtier/sablab/scratch/lem4012/data/abcd-data-hr/NDAR_INVAED2T8J0/preprocessed/rs_fc.pt
NDAR_INVAEMLZKT4,/midtier/sablab/scratch/lem4012/data/abcd-data-hr/NDAR_INVAEMLZKT4/preprocessed/rs_fc.pt
NDAR_INVAFCVVYJ2,/midtier/sablab/scratch/lem4012/data/abcd-data-hr/NDAR_INVAFCVVYJ2/preprocessed/rs_fc.pt
NDAR_INVAFGG3213,/midtier/sablab/scratch/lem4012/data/abcd-data-hr/NDAR_INVAFGG3213/preprocessed/rs_fc.pt
NDAR_INVAGKTLUJU,/midtier/sablab/scratch/lem4012/data/abcd-data-hr/NDAR_INVAGKTLUJU/preprocessed/rs_fc.pt
NDAR_INVAGKUL2JG,/midtier/sablab/scratch/lem4012/data/abcd-data-hr/NDAR_INVAGKUL2JG/preprocessed/rs_fc.pt
NDAR_INVAHHN0B3E,/midtier/sablab/scratch/lem4012/data/abcd-data-hr/NDAR_INVAHHN0B3E/preprocessed/rs_fc.pt
NDAR_INVAHRRU15U,/midtier/sablab/scratch/lem4012/data/abcd-data-hr/NDAR_INVAHRRU15U/preprocessed/rs_fc.pt
NDAR_INVAL3KPGZ7,/midtier/sablab/scratch/lem4012/data/abcd-data-hr/NDAR_INVAL3KPGZ7/preprocessed/rs_fc.pt
NDAR_INVAN03AH80,/midtier/sablab/scratch/lem4012/data/abcd-data-hr/NDAR_INVAN03AH80/preprocessed/rs_fc.pt
NDAR_INVANEX1Y2H,/midtier/sablab/scratch/lem4012/data/abcd-data-hr/NDAR_INVANEX1Y2H/preprocessed/rs_fc.pt
NDAR_INVANZ68BY0,/midtier/sablab/scratch/lem4012/data/abcd-data-hr/NDAR_INVANZ68BY0/preprocessed/rs_fc.pt
NDAR_INVAPJKJ5KB,/midtier/sablab/scratch/lem4012/data/abcd-data-hr/NDAR_INVAPJKJ5KB/preprocessed/rs_fc.pt
NDAR_INVARJG7LG1,/midtier/sablab/scratch/lem4012/data/abcd-data-hr/NDAR_INVARJG7LG1/preprocessed/rs_fc.pt
NDAR_INVARWXFNJF,/midtier/sablab/scratch/lem4012/data/abcd-data-hr/NDAR_INVARWXFNJF/preprocessed/rs_fc.pt
NDAR_INVATF43BLA,/midtier/sablab/scratch/lem4012/data/abcd-data-hr/NDAR_INVATF43BLA/preprocessed/rs_fc.pt
NDAR_INVATGY6TA4,/midtier/sablab/scratch/lem4012/data/abcd-data-hr/NDAR_INVATGY6TA4/preprocessed/rs_fc.pt
NDAR_INVAV2BE511,/midtier/sablab/scratch/lem4012/data/abcd-data-hr/NDAR_INVAV2BE511/preprocessed/rs_fc.pt
NDAR_INVAVGVA2V9,/midtier/sablab/scratch/lem4012/data/abcd-data-hr/NDAR_INVAVGVA2V9/preprocessed/rs_fc.pt
NDAR_INVAX3FLT98,/midtier/sablab/scratch/lem4012/data/abcd-data-hr/NDAR_INVAX3FLT98/preprocessed/rs_fc.pt
NDAR_INVAX8FD7BZ,/midtier/sablab/scratch/lem4012/data/abcd-data-hr/NDAR_INVAX8FD7BZ/preprocessed/rs_fc.pt
NDAR_INVAY1LT98N,/midtier/sablab/scratch/lem4012/data/abcd-data-hr/NDAR_INVAY1LT98N/preprocessed/rs_fc.pt
NDAR_INVAY9W0F99,/midtier/sablab/scratch/lem4012/data/abcd-data-hr/NDAR_INVAY9W0F99/preprocessed/rs_fc.pt
NDAR_INVAYPFM3MV,/midtier/sablab/scratch/lem4012/data/abcd-data-hr/NDAR_INVAYPFM3MV/preprocessed/rs_fc.pt
NDAR_INVAZL0KJME,/midtier/sablab/scratch/lem4012/data/abcd-data-hr/NDAR_INVAZL0KJME/preprocessed/rs_fc.pt
NDAR_INVAZU4UDGZ,/midtier/sablab/scratch/lem4012/data/abcd-data-hr/NDAR_INVAZU4UDGZ/preprocessed/rs_fc.pt
NDAR_INVAZWRU7C4,/midtier/sablab/scratch/lem4012/data/abcd-data-hr/NDAR_INVAZWRU7C4/preprocessed/rs_fc.pt
NDAR_INVB0557YW8,/midtier/sablab/scratch/lem4012/data/abcd-data-hr/NDAR_INVB0557YW8/preprocessed/rs_fc.pt
NDAR_INVB05L3CJ5,/midtier/sablab/scratch/lem4012/data/abcd-data-hr/NDAR_INVB05L3CJ5/preprocessed/rs_fc.pt
NDAR_INVB0ADADN3,/midtier/sablab/scratch/lem4012/data/abcd-data-hr/NDAR_INVB0ADADN3/preprocessed/rs_fc.pt
NDAR_INVB0CTH1JW,/midtier/sablab/scratch/lem4012/data/abcd-data-hr/NDAR_INVB0CTH1JW/preprocessed/rs_fc.pt
NDAR_INVB0G9GYRY,/midtier/sablab/scratch/lem4012/data/abcd-data-hr/NDAR_INVB0G9GYRY/preprocessed/rs_fc.pt
NDAR_INVB0P6W6EC,/midtier/sablab/scratch/lem4012/data/abcd-data-hr/NDAR_INVB0P6W6EC/preprocessed/rs_fc.pt
NDAR_INVB14AY6F8,/midtier/sablab/scratch/lem4012/data/abcd-data-hr/NDAR_INVB14AY6F8/preprocessed/rs_fc.pt
NDAR_INVB14DZFG7,/midtier/sablab/scratch/lem4012/data/abcd-data-hr/NDAR_INVB14DZFG7/preprocessed/rs_fc.pt
NDAR_INVB1VMAP3Z,/midtier/sablab/scratch/lem4012/data/abcd-data-hr/NDAR_INVB1VMAP3Z/preprocessed/rs_fc.pt
NDAR_INVB37AW857,/midtier/sablab/scratch/lem4012/data/abcd-data-hr/NDAR_INVB37AW857/preprocessed/rs_fc.pt
NDAR_INVB3GLY6BU,/midtier/sablab/scratch/lem4012/data/abcd-data-hr/NDAR_INVB3GLY6BU/preprocessed/rs_fc.pt
NDAR_INVB3VHJDXU,/midtier/sablab/scratch/lem4012/data/abcd-data-hr/NDAR_INVB3VHJDXU/preprocessed/rs_fc.pt
NDAR_INVB5XPKWGZ,/midtier/sablab/scratch/lem4012/data/abcd-data-hr/NDAR_INVB5XPKWGZ/preprocessed/rs_fc.pt
NDAR_INVB6N2VN7X,/midtier/sablab/scratch/lem4012/data/abcd-data-hr/NDAR_INVB6N2VN7X/preprocessed/rs_fc.pt
NDAR_INVB7A2MURD,/midtier/sablab/scratch/lem4012/data/abcd-data-hr/NDAR_INVB7A2MURD/preprocessed/rs_fc.pt
NDAR_INVB8234KWV,/midtier/sablab/scratch/lem4012/data/abcd-data-hr/NDAR_INVB8234KWV/preprocessed/rs_fc.pt
NDAR_INVB8G9KFMC,/midtier/sablab/scratch/lem4012/data/abcd-data-hr/NDAR_INVB8G9KFMC/preprocessed/rs_fc.pt
NDAR_INVB8UX2D6Y,/midtier/sablab/scratch/lem4012/data/abcd-data-hr/NDAR_INVB8UX2D6Y/preprocessed/rs_fc.pt
NDAR_INVB9CDPZUA,/midtier/sablab/scratch/lem4012/data/abcd-data-hr/NDAR_INVB9CDPZUA/preprocessed/rs_fc.pt
NDAR_INVB9J9H4PK,/midtier/sablab/scratch/lem4012/data/abcd-data-hr/NDAR_INVB9J9H4PK/preprocessed/rs_fc.pt
NDAR_INVB9PWRAUA,/midtier/sablab/scratch/lem4012/data/abcd-data-hr/NDAR_INVB9PWRAUA/preprocessed/rs_fc.pt
NDAR_INVB9RXNJDB,/midtier/sablab/scratch/lem4012/data/abcd-data-hr/NDAR_INVB9RXNJDB/preprocessed/rs_fc.pt
NDAR_INVB9V0KP7H,/midtier/sablab/scratch/lem4012/data/abcd-data-hr/NDAR_INVB9V0KP7H/preprocessed/rs_fc.pt
NDAR_INVBB64CLXY,/midtier/sablab/scratch/lem4012/data/abcd-data-hr/NDAR_INVBB64CLXY/preprocessed/rs_fc.pt
NDAR_INVBDHFHJUN,/midtier/sablab/scratch/lem4012/data/abcd-data-hr/NDAR_INVBDHFHJUN/preprocessed/rs_fc.pt
NDAR_INVBEADWGRU,/midtier/sablab/scratch/lem4012/data/abcd-data-hr/NDAR_INVBEADWGRU/preprocessed/rs_fc.pt
NDAR_INVBENKM4B0,/midtier/sablab/scratch/lem4012/data/abcd-data-hr/NDAR_INVBENKM4B0/preprocessed/rs_fc.pt
NDAR_INVBFEWTU2N,/midtier/sablab/scratch/lem4012/data/abcd-data-hr/NDAR_INVBFEWTU2N/preprocessed/rs_fc.pt
NDAR_INVBGYWYRGH,/midtier/sablab/scratch/lem4012/data/abcd-data-hr/NDAR_INVBGYWYRGH/preprocessed/rs_fc.pt
NDAR_INVBHVKFKF7,/midtier/sablab/scratch/lem4012/data/abcd-data-hr/NDAR_INVBHVKFKF7/preprocessed/rs_fc.pt
NDAR_INVBJ0CWVRF,/midtier/sablab/scratch/lem4012/data/abcd-data-hr/NDAR_INVBJ0CWVRF/preprocessed/rs_fc.pt
NDAR_INVBJPA9DDM,/midtier/sablab/scratch/lem4012/data/abcd-data-hr/NDAR_INVBJPA9DDM/preprocessed/rs_fc.pt
NDAR_INVBJUT8TR0,/midtier/sablab/scratch/lem4012/data/abcd-data-hr/NDAR_INVBJUT8TR0/preprocessed/rs_fc.pt
NDAR_INVBK0V5AJK,/midtier/sablab/scratch/lem4012/data/abcd-data-hr/NDAR_INVBK0V5AJK/preprocessed/rs_fc.pt
NDAR_INVBKAL413B,/midtier/sablab/scratch/lem4012/data/abcd-data-hr/NDAR_INVBKAL413B/preprocessed/rs_fc.pt
NDAR_INVBL4HN6F4,/midtier/sablab/scratch/lem4012/data/abcd-data-hr/NDAR_INVBL4HN6F4/preprocessed/rs_fc.pt
NDAR_INVBLZ7H5LD,/midtier/sablab/scratch/lem4012/data/abcd-data-hr/NDAR_INVBLZ7H5LD/preprocessed/rs_fc.pt
NDAR_INVBMBVZTAG,/midtier/sablab/scratch/lem4012/data/abcd-data-hr/NDAR_INVBMBVZTAG/preprocessed/rs_fc.pt
NDAR_INVBMMM82AG,/midtier/sablab/scratch/lem4012/data/abcd-data-hr/NDAR_INVBMMM82AG/preprocessed/rs_fc.pt
NDAR_INVBN1EY1AM,/midtier/sablab/scratch/lem4012/data/abcd-data-hr/NDAR_INVBN1EY1AM/preprocessed/rs_fc.pt
NDAR_INVBNW6NPRK,/midtier/sablab/scratch/lem4012/data/abcd-data-hr/NDAR_INVBNW6NPRK/preprocessed/rs_fc.pt
NDAR_INVBR0V5H2X,/midtier/sablab/scratch/lem4012/data/abcd-data-hr/NDAR_INVBR0V5H2X/preprocessed/rs_fc.pt
NDAR_INVBR1ZHAEJ,/midtier/sablab/scratch/lem4012/data/abcd-data-hr/NDAR_INVBR1ZHAEJ/preprocessed/rs_fc.pt
NDAR_INVBRGDE78M,/midtier/sablab/scratch/lem4012/data/abcd-data-hr/NDAR_INVBRGDE78M/preprocessed/rs_fc.pt
NDAR_INVBRMGY929,/midtier/sablab/scratch/lem4012/data/abcd-data-hr/NDAR_INVBRMGY929/preprocessed/rs_fc.pt
NDAR_INVBRZ3742Z,/midtier/sablab/scratch/lem4012/data/abcd-data-hr/NDAR_INVBRZ3742Z/preprocessed/rs_fc.pt
NDAR_INVBU9KJZX7,/midtier/sablab/scratch/lem4012/data/abcd-data-hr/NDAR_INVBU9KJZX7/preprocessed/rs_fc.pt
NDAR_INVBUPETT7Z,/midtier/sablab/scratch/lem4012/data/abcd-data-hr/NDAR_INVBUPETT7Z/preprocessed/rs_fc.pt
NDAR_INVBV75E69L,/midtier/sablab/scratch/lem4012/data/abcd-data-hr/NDAR_INVBV75E69L/preprocessed/rs_fc.pt
NDAR_INVBV7R8DVW,/midtier/sablab/scratch/lem4012/data/abcd-data-hr/NDAR_INVBV7R8DVW/preprocessed/rs_fc.pt
NDAR_INVBVDU98XG,/midtier/sablab/scratch/lem4012/data/abcd-data-hr/NDAR_INVBVDU98XG/preprocessed/rs_fc.pt
NDAR_INVBVFT0RMG,/midtier/sablab/scratch/lem4012/data/abcd-data-hr/NDAR_INVBVFT0RMG/preprocessed/rs_fc.pt
NDAR_INVBVK1GET3,/midtier/sablab/scratch/lem4012/data/abcd-data-hr/NDAR_INVBVK1GET3/preprocessed/rs_fc.pt
NDAR_INVBW85BNL5,/midtier/sablab/scratch/lem4012/data/abcd-data-hr/NDAR_INVBW85BNL5/preprocessed/rs_fc.pt
NDAR_INVBWMPM306,/midtier/sablab/scratch/lem4012/data/abcd-data-hr/NDAR_INVBWMPM306/preprocessed/rs_fc.pt
NDAR_INVBWR1WXUG,/midtier/sablab/scratch/lem4012/data/abcd-data-hr/NDAR_INVBWR1WXUG/preprocessed/rs_fc.pt
NDAR_INVBXK5N7Y1,/midtier/sablab/scratch/lem4012/data/abcd-data-hr/NDAR_INVBXK5N7Y1/preprocessed/rs_fc.pt
NDAR_INVBXR1L7N8,/midtier/sablab/scratch/lem4012/data/abcd-data-hr/NDAR_INVBXR1L7N8/preprocessed/rs_fc.pt
NDAR_INVBYARCL2L,/midtier/sablab/scratch/lem4012/data/abcd-data-hr/NDAR_INVBYARCL2L/preprocessed/rs_fc.pt
NDAR_INVBZH975R2,/midtier/sablab/scratch/lem4012/data/abcd-data-hr/NDAR_INVBZH975R2/preprocessed/rs_fc.pt
NDAR_INVC0P22ZPJ,/midtier/sablab/scratch/lem4012/data/abcd-data-hr/NDAR_INVC0P22ZPJ/preprocessed/rs_fc.pt
NDAR_INVC0W9C4R6,/midtier/sablab/scratch/lem4012/data/abcd-data-hr/NDAR_INVC0W9C4R6/preprocessed/rs_fc.pt
NDAR_INVC1E9XZ2Y,/midtier/sablab/scratch/lem4012/data/abcd-data-hr/NDAR_INVC1E9XZ2Y/preprocessed/rs_fc.pt
NDAR_INVC1VM5JUL,/midtier/sablab/scratch/lem4012/data/abcd-data-hr/NDAR_INVC1VM5JUL/preprocessed/rs_fc.pt
NDAR_INVC29KYLLN,/midtier/sablab/scratch/lem4012/data/abcd-data-hr/NDAR_INVC29KYLLN/preprocessed/rs_fc.pt
NDAR_INVC3AKNY6Y,/midtier/sablab/scratch/lem4012/data/abcd-data-hr/NDAR_INVC3AKNY6Y/preprocessed/rs_fc.pt
NDAR_INVC58P3WTG,/midtier/sablab/scratch/lem4012/data/abcd-data-hr/NDAR_INVC58P3WTG/preprocessed/rs_fc.pt
NDAR_INVC5KPLUZ5,/midtier/sablab/scratch/lem4012/data/abcd-data-hr/NDAR_INVC5KPLUZ5/preprocessed/rs_fc.pt
NDAR_INVC5L95ZPX,/midtier/sablab/scratch/lem4012/data/abcd-data-hr/NDAR_INVC5L95ZPX/preprocessed/rs_fc.pt
NDAR_INVC63Z86E8,/midtier/sablab/scratch/lem4012/data/abcd-data-hr/NDAR_INVC63Z86E8/preprocessed/rs_fc.pt
NDAR_INVC6941X6U,/midtier/sablab/scratch/lem4012/data/abcd-data-hr/NDAR_INVC6941X6U/preprocessed/rs_fc.pt
NDAR_INVC80PK9BL,/midtier/sablab/scratch/lem4012/data/abcd-data-hr/NDAR_INVC80PK9BL/preprocessed/rs_fc.pt
NDAR_INVC9HVT0XG,/midtier/sablab/scratch/lem4012/data/abcd-data-hr/NDAR_INVC9HVT0XG/preprocessed/rs_fc.pt
NDAR_INVC9ZZ3NYD,/midtier/sablab/scratch/lem4012/data/abcd-data-hr/NDAR_INVC9ZZ3NYD/preprocessed/rs_fc.pt
NDAR_INVCA3F8YLV,/midtier/sablab/scratch/lem4012/data/abcd-data-hr/NDAR_INVCA3F8YLV/preprocessed/rs_fc.pt
NDAR_INVCA6R8P2J,/midtier/sablab/scratch/lem4012/data/abcd-data-hr/NDAR_INVCA6R8P2J/preprocessed/rs_fc.pt
NDAR_INVCDNAUD1U,/midtier/sablab/scratch/lem4012/data/abcd-data-hr/NDAR_INVCDNAUD1U/preprocessed/rs_fc.pt
NDAR_INVCDNXAUT3,/midtier/sablab/scratch/lem4012/data/abcd-data-hr/NDAR_INVCDNXAUT3/preprocessed/rs_fc.pt
NDAR_INVCDP4CRFV,/midtier/sablab/scratch/lem4012/data/abcd-data-hr/NDAR_INVCDP4CRFV/preprocessed/rs_fc.pt
NDAR_INVCEJHKU6W,/midtier/sablab/scratch/lem4012/data/abcd-data-hr/NDAR_INVCEJHKU6W/preprocessed/rs_fc.pt
NDAR_INVCFCXNV7G,/midtier/sablab/scratch/lem4012/data/abcd-data-hr/NDAR_INVCFCXNV7G/preprocessed/rs_fc.pt
NDAR_INVCFFWJJ1H,/midtier/sablab/scratch/lem4012/data/abcd-data-hr/NDAR_INVCFFWJJ1H/preprocessed/rs_fc.pt
NDAR_INVCFYN2FEF,/midtier/sablab/scratch/lem4012/data/abcd-data-hr/NDAR_INVCFYN2FEF/preprocessed/rs_fc.pt
NDAR_INVCGXC468Y,/midtier/sablab/scratch/lem4012/data/abcd-data-hr/NDAR_INVCGXC468Y/preprocessed/rs_fc.pt
NDAR_INVCHEA6N8V,/midtier/sablab/scratch/lem4012/data/abcd-data-hr/NDAR_INVCHEA6N8V/preprocessed/rs_fc.pt
NDAR_INVCHUKUNFD,/midtier/sablab/scratch/lem4012/data/abcd-data-hr/NDAR_INVCHUKUNFD/preprocessed/rs_fc.pt
NDAR_INVCJ001M61,/midtier/sablab/scratch/lem4012/data/abcd-data-hr/NDAR_INVCJ001M61/preprocessed/rs_fc.pt
NDAR_INVCJ0YPLW6,/midtier/sablab/scratch/lem4012/data/abcd-data-hr/NDAR_INVCJ0YPLW6/preprocessed/rs_fc.pt
NDAR_INVCJA85ZRD,/midtier/sablab/scratch/lem4012/data/abcd-data-hr/NDAR_INVCJA85ZRD/preprocessed/rs_fc.pt
NDAR_INVCJG4D05U,/midtier/sablab/scratch/lem4012/data/abcd-data-hr/NDAR_INVCJG4D05U/preprocessed/rs_fc.pt
NDAR_INVCJN8VTTY,/midtier/sablab/scratch/lem4012/data/abcd-data-hr/NDAR_INVCJN8VTTY/preprocessed/rs_fc.pt
NDAR_INVCK4E8YDE,/midtier/sablab/scratch/lem4012/data/abcd-data-hr/NDAR_INVCK4E8YDE/preprocessed/rs_fc.pt
NDAR_INVCKB3W23J,/midtier/sablab/scratch/lem4012/data/abcd-data-hr/NDAR_INVCKB3W23J/preprocessed/rs_fc.pt
NDAR_INVCKMG9A44,/midtier/sablab/scratch/lem4012/data/abcd-data-hr/NDAR_INVCKMG9A44/preprocessed/rs_fc.pt
NDAR_INVCKTT8HAT,/midtier/sablab/scratch/lem4012/data/abcd-data-hr/NDAR_INVCKTT8HAT/preprocessed/rs_fc.pt
NDAR_INVCL1R63XL,/midtier/sablab/scratch/lem4012/data/abcd-data-hr/NDAR_INVCL1R63XL/preprocessed/rs_fc.pt
NDAR_INVCM7KCH5J,/midtier/sablab/scratch/lem4012/data/abcd-data-hr/NDAR_INVCM7KCH5J/preprocessed/rs_fc.pt
NDAR_INVCM90UZ9J,/midtier/sablab/scratch/lem4012/data/abcd-data-hr/NDAR_INVCM90UZ9J/preprocessed/rs_fc.pt
NDAR_INVCNZEMPHG,/midtier/sablab/scratch/lem4012/data/abcd-data-hr/NDAR_INVCNZEMPHG/preprocessed/rs_fc.pt
NDAR_INVCPKCD2H0,/midtier/sablab/scratch/lem4012/data/abcd-data-hr/NDAR_INVCPKCD2H0/preprocessed/rs_fc.pt
NDAR_INVCPT9ZT4B,/midtier/sablab/scratch/lem4012/data/abcd-data-hr/NDAR_INVCPT9ZT4B/preprocessed/rs_fc.pt
NDAR_INVCTCGHXFZ,/midtier/sablab/scratch/lem4012/data/abcd-data-hr/NDAR_INVCTCGHXFZ/preprocessed/rs_fc.pt
NDAR_INVCTJXAVJ2,/midtier/sablab/scratch/lem4012/data/abcd-data-hr/NDAR_INVCTJXAVJ2/preprocessed/rs_fc.pt
NDAR_INVCU04NHFZ,/midtier/sablab/scratch/lem4012/data/abcd-data-hr/NDAR_INVCU04NHFZ/preprocessed/rs_fc.pt
NDAR_INVCUDZ40WZ,/midtier/sablab/scratch/lem4012/data/abcd-data-hr/NDAR_INVCUDZ40WZ/preprocessed/rs_fc.pt
NDAR_INVCUNJD89E,/midtier/sablab/scratch/lem4012/data/abcd-data-hr/NDAR_INVCUNJD89E/preprocessed/rs_fc.pt
NDAR_INVCV0BAW89,/midtier/sablab/scratch/lem4012/data/abcd-data-hr/NDAR_INVCV0BAW89/preprocessed/rs_fc.pt
NDAR_INVCV5U8ZJ8,/midtier/sablab/scratch/lem4012/data/abcd-data-hr/NDAR_INVCV5U8ZJ8/preprocessed/rs_fc.pt
NDAR_INVCVAAN2Y5,/midtier/sablab/scratch/lem4012/data/abcd-data-hr/NDAR_INVCVAAN2Y5/preprocessed/rs_fc.pt
NDAR_INVCVWPX3EA,/midtier/sablab/scratch/lem4012/data/abcd-data-hr/NDAR_INVCVWPX3EA/preprocessed/rs_fc.pt
NDAR_INVCVZ70012,/midtier/sablab/scratch/lem4012/data/abcd-data-hr/NDAR_INVCVZ70012/preprocessed/rs_fc.pt
NDAR_INVCW8WDA3J,/midtier/sablab/scratch/lem4012/data/abcd-data-hr/NDAR_INVCW8WDA3J/preprocessed/rs_fc.pt
NDAR_INVCX4YJGUW,/midtier/sablab/scratch/lem4012/data/abcd-data-hr/NDAR_INVCX4YJGUW/preprocessed/rs_fc.pt
NDAR_INVCXTWKWU8,/midtier/sablab/scratch/lem4012/data/abcd-data-hr/NDAR_INVCXTWKWU8/preprocessed/rs_fc.pt
NDAR_INVCYDU871W,/midtier/sablab/scratch/lem4012/data/abcd-data-hr/NDAR_INVCYDU871W/preprocessed/rs_fc.pt
NDAR_INVCYE071L0,/midtier/sablab/scratch/lem4012/data/abcd-data-hr/NDAR_INVCYE071L0/preprocessed/rs_fc.pt
NDAR_INVCYMF7WT5,/midtier/sablab/scratch/lem4012/data/abcd-data-hr/NDAR_INVCYMF7WT5/preprocessed/rs_fc.pt
NDAR_INVCYRHXW2G,/midtier/sablab/scratch/lem4012/data/abcd-data-hr/NDAR_INVCYRHXW2G/preprocessed/rs_fc.pt
NDAR_INVCZU8RL3L,/midtier/sablab/scratch/lem4012/data/abcd-data-hr/NDAR_INVCZU8RL3L/preprocessed/rs_fc.pt
NDAR_INVD0ETUKJA,/midtier/sablab/scratch/lem4012/data/abcd-data-hr/NDAR_INVD0ETUKJA/preprocessed/rs_fc.pt
NDAR_INVD0VUNDTN,/midtier/sablab/scratch/lem4012/data/abcd-data-hr/NDAR_INVD0VUNDTN/preprocessed/rs_fc.pt
NDAR_INVD0WWVAGX,/midtier/sablab/scratch/lem4012/data/abcd-data-hr/NDAR_INVD0WWVAGX/preprocessed/rs_fc.pt
NDAR_INVD0Y8TLGZ,/midtier/sablab/scratch/lem4012/data/abcd-data-hr/NDAR_INVD0Y8TLGZ/preprocessed/rs_fc.pt
NDAR_INVD13XNZ1E,/midtier/sablab/scratch/lem4012/data/abcd-data-hr/NDAR_INVD13XNZ1E/preprocessed/rs_fc.pt
NDAR_INVD176PR5Y,/midtier/sablab/scratch/lem4012/data/abcd-data-hr/NDAR_INVD176PR5Y/preprocessed/rs_fc.pt
NDAR_INVD1DCEAJH,/midtier/sablab/scratch/lem4012/data/abcd-data-hr/NDAR_INVD1DCEAJH/preprocessed/rs_fc.pt
NDAR_INVD1ETWWPE,/midtier/sablab/scratch/lem4012/data/abcd-data-hr/NDAR_INVD1ETWWPE/preprocessed/rs_fc.pt
NDAR_INVD1PRDRJG,/midtier/sablab/scratch/lem4012/data/abcd-data-hr/NDAR_INVD1PRDRJG/preprocessed/rs_fc.pt
NDAR_INVD1YTW0G6,/midtier/sablab/scratch/lem4012/data/abcd-data-hr/NDAR_INVD1YTW0G6/preprocessed/rs_fc.pt
NDAR_INVD25VAT32,/midtier/sablab/scratch/lem4012/data/abcd-data-hr/NDAR_INVD25VAT32/preprocessed/rs_fc.pt
NDAR_INVD33P1GPC,/midtier/sablab/scratch/lem4012/data/abcd-data-hr/NDAR_INVD33P1GPC/preprocessed/rs_fc.pt
NDAR_INVD43PR719,/midtier/sablab/scratch/lem4012/data/abcd-data-hr/NDAR_INVD43PR719/preprocessed/rs_fc.pt
NDAR_INVD4KGD45Y,/midtier/sablab/scratch/lem4012/data/abcd-data-hr/NDAR_INVD4KGD45Y/preprocessed/rs_fc.pt
NDAR_INVD52N8T9J,/midtier/sablab/scratch/lem4012/data/abcd-data-hr/NDAR_INVD52N8T9J/preprocessed/rs_fc.pt
NDAR_INVD5CN8JME,/midtier/sablab/scratch/lem4012/data/abcd-data-hr/NDAR_INVD5CN8JME/preprocessed/rs_fc.pt
NDAR_INVD5UV2RGA,/midtier/sablab/scratch/lem4012/data/abcd-data-hr/NDAR_INVD5UV2RGA/preprocessed/rs_fc.pt
NDAR_INVD61Y7K88,/midtier/sablab/scratch/lem4012/data/abcd-data-hr/NDAR_INVD61Y7K88/preprocessed/rs_fc.pt
NDAR_INVD6PPNY0N,/midtier/sablab/scratch/lem4012/data/abcd-data-hr/NDAR_INVD6PPNY0N/preprocessed/rs_fc.pt
NDAR_INVD6X8GC05,/midtier/sablab/scratch/lem4012/data/abcd-data-hr/NDAR_INVD6X8GC05/preprocessed/rs_fc.pt
NDAR_INVD7RR0C8L,/midtier/sablab/scratch/lem4012/data/abcd-data-hr/NDAR_INVD7RR0C8L/preprocessed/rs_fc.pt
NDAR_INVD7XD417L,/midtier/sablab/scratch/lem4012/data/abcd-data-hr/NDAR_INVD7XD417L/preprocessed/rs_fc.pt
NDAR_INVD806H93D,/midtier/sablab/scratch/lem4012/data/abcd-data-hr/NDAR_INVD806H93D/preprocessed/rs_fc.pt
NDAR_INVD8327JHB,/midtier/sablab/scratch/lem4012/data/abcd-data-hr/NDAR_INVD8327JHB/preprocessed/rs_fc.pt
NDAR_INVD8M17149,/midtier/sablab/scratch/lem4012/data/abcd-data-hr/NDAR_INVD8M17149/preprocessed/rs_fc.pt
NDAR_INVD9GD4VKM,/midtier/sablab/scratch/lem4012/data/abcd-data-hr/NDAR_INVD9GD4VKM/preprocessed/rs_fc.pt
NDAR_INVD9LT4A11,/midtier/sablab/scratch/lem4012/data/abcd-data-hr/NDAR_INVD9LT4A11/preprocessed/rs_fc.pt
NDAR_INVD9WZ5K8Y,/midtier/sablab/scratch/lem4012/data/abcd-data-hr/NDAR_INVD9WZ5K8Y/preprocessed/rs_fc.pt
NDAR_INVDAF6VRMG,/midtier/sablab/scratch/lem4012/data/abcd-data-hr/NDAR_INVDAF6VRMG/preprocessed/rs_fc.pt
NDAR_INVDAY78DG2,/midtier/sablab/scratch/lem4012/data/abcd-data-hr/NDAR_INVDAY78DG2/preprocessed/rs_fc.pt
NDAR_INVDB28XX06,/midtier/sablab/scratch/lem4012/data/abcd-data-hr/NDAR_INVDB28XX06/preprocessed/rs_fc.pt
NDAR_INVDB35KZ07,/midtier/sablab/scratch/lem4012/data/abcd-data-hr/NDAR_INVDB35KZ07/preprocessed/rs_fc.pt
NDAR_INVDBBYXNYH,/midtier/sablab/scratch/lem4012/data/abcd-data-hr/NDAR_INVDBBYXNYH/preprocessed/rs_fc.pt
NDAR_INVDBJ78DCD,/midtier/sablab/scratch/lem4012/data/abcd-data-hr/NDAR_INVDBJ78DCD/preprocessed/rs_fc.pt
NDAR_INVDC5LMY0K,/midtier/sablab/scratch/lem4012/data/abcd-data-hr/NDAR_INVDC5LMY0K/preprocessed/rs_fc.pt
NDAR_INVDD40AJMW,/midtier/sablab/scratch/lem4012/data/abcd-data-hr/NDAR_INVDD40AJMW/preprocessed/rs_fc.pt
NDAR_INVDD4736KA,/midtier/sablab/scratch/lem4012/data/abcd-data-hr/NDAR_INVDD4736KA/preprocessed/rs_fc.pt
NDAR_INVDDWUHYTJ,/midtier/sablab/scratch/lem4012/data/abcd-data-hr/NDAR_INVDDWUHYTJ/preprocessed/rs_fc.pt
NDAR_INVDF4CFND3,/midtier/sablab/scratch/lem4012/data/abcd-data-hr/NDAR_INVDF4CFND3/preprocessed/rs_fc.pt
NDAR_INVDG5TKGEX,/midtier/sablab/scratch/lem4012/data/abcd-data-hr/NDAR_INVDG5TKGEX/preprocessed/rs_fc.pt
NDAR_INVDGTRNE7V,/midtier/sablab/scratch/lem4012/data/abcd-data-hr/NDAR_INVDGTRNE7V/preprocessed/rs_fc.pt
NDAR_INVDHPZGW4T,/midtier/sablab/scratch/lem4012/data/abcd-data-hr/NDAR_INVDHPZGW4T/preprocessed/rs_fc.pt
NDAR_INVDHVY95MH,/midtier/sablab/scratch/lem4012/data/abcd-data-hr/NDAR_INVDHVY95MH/preprocessed/rs_fc.pt
NDAR_INVDLE6LXEP,/midtier/sablab/scratch/lem4012/data/abcd-data-hr/NDAR_INVDLE6LXEP/preprocessed/rs_fc.pt
NDAR_INVDLRDW633,/midtier/sablab/scratch/lem4012/data/abcd-data-hr/NDAR_INVDLRDW633/preprocessed/rs_fc.pt
NDAR_INVDM4EXUCD,/midtier/sablab/scratch/lem4012/data/abcd-data-hr/NDAR_INVDM4EXUCD/preprocessed/rs_fc.pt
NDAR_INVDMMAKV5Y,/midtier/sablab/scratch/lem4012/data/abcd-data-hr/NDAR_INVDMMAKV5Y/preprocessed/rs_fc.pt
NDAR_INVDN3XE4ZK,/midtier/sablab/scratch/lem4012/data/abcd-data-hr/NDAR_INVDN3XE4ZK/preprocessed/rs_fc.pt
NDAR_INVDNLMD7DZ,/midtier/sablab/scratch/lem4012/data/abcd-data-hr/NDAR_INVDNLMD7DZ/preprocessed/rs_fc.pt
NDAR_INVDR13TAXK,/midtier/sablab/scratch/lem4012/data/abcd-data-hr/NDAR_INVDR13TAXK/preprocessed/rs_fc.pt
NDAR_INVDR4CWHTM,/midtier/sablab/scratch/lem4012/data/abcd-data-hr/NDAR_INVDR4CWHTM/preprocessed/rs_fc.pt
NDAR_INVDT744K7Y,/midtier/sablab/scratch/lem4012/data/abcd-data-hr/NDAR_INVDT744K7Y/preprocessed/rs_fc.pt
NDAR_INVDTHBFTNZ,/midtier/sablab/scratch/lem4012/data/abcd-data-hr/NDAR_INVDTHBFTNZ/preprocessed/rs_fc.pt
NDAR_INVDV9BCU3J,/midtier/sablab/scratch/lem4012/data/abcd-data-hr/NDAR_INVDV9BCU3J/preprocessed/rs_fc.pt
NDAR_INVDVMAP47N,/midtier/sablab/scratch/lem4012/data/abcd-data-hr/NDAR_INVDVMAP47N/preprocessed/rs_fc.pt
NDAR_INVDW1BKLJN,/midtier/sablab/scratch/lem4012/data/abcd-data-hr/NDAR_INVDW1BKLJN/preprocessed/rs_fc.pt
NDAR_INVDWGT6R32,/midtier/sablab/scratch/lem4012/data/abcd-data-hr/NDAR_INVDWGT6R32/preprocessed/rs_fc.pt
NDAR_INVDXVD4UW0,/midtier/sablab/scratch/lem4012/data/abcd-data-hr/NDAR_INVDXVD4UW0/preprocessed/rs_fc.pt
NDAR_INVDYPE3LNV,/midtier/sablab/scratch/lem4012/data/abcd-data-hr/NDAR_INVDYPE3LNV/preprocessed/rs_fc.pt
NDAR_INVE02NUBGT,/midtier/sablab/scratch/lem4012/data/abcd-data-hr/NDAR_INVE02NUBGT/preprocessed/rs_fc.pt
NDAR_INVE0AED7HM,/midtier/sablab/scratch/lem4012/data/abcd-data-hr/NDAR_INVE0AED7HM/preprocessed/rs_fc.pt
NDAR_INVE0B9A5VN,/midtier/sablab/scratch/lem4012/data/abcd-data-hr/NDAR_INVE0B9A5VN/preprocessed/rs_fc.pt
NDAR_INVE17V0N4K,/midtier/sablab/scratch/lem4012/data/abcd-data-hr/NDAR_INVE17V0N4K/preprocessed/rs_fc.pt
NDAR_INVE1H1HLHG,/midtier/sablab/scratch/lem4012/data/abcd-data-hr/NDAR_INVE1H1HLHG/preprocessed/rs_fc.pt
NDAR_INVE1MRKJ3N,/midtier/sablab/scratch/lem4012/data/abcd-data-hr/NDAR_INVE1MRKJ3N/preprocessed/rs_fc.pt
NDAR_INVE1XNAPC7,/midtier/sablab/scratch/lem4012/data/abcd-data-hr/NDAR_INVE1XNAPC7/preprocessed/rs_fc.pt
NDAR_INVE2TMN5K2,/midtier/sablab/scratch/lem4012/data/abcd-data-hr/NDAR_INVE2TMN5K2/preprocessed/rs_fc.pt
NDAR_INVE3F19GUV,/midtier/sablab/scratch/lem4012/data/abcd-data-hr/NDAR_INVE3F19GUV/preprocessed/rs_fc.pt
NDAR_INVE3MEFJL5,/midtier/sablab/scratch/lem4012/data/abcd-data-hr/NDAR_INVE3MEFJL5/preprocessed/rs_fc.pt
NDAR_INVE4T6ZUA5,/midtier/sablab/scratch/lem4012/data/abcd-data-hr/NDAR_INVE4T6ZUA5/preprocessed/rs_fc.pt
NDAR_INVE56GMC5F,/midtier/sablab/scratch/lem4012/data/abcd-data-hr/NDAR_INVE56GMC5F/preprocessed/rs_fc.pt
NDAR_INVE6LJVFVY,/midtier/sablab/scratch/lem4012/data/abcd-data-hr/NDAR_INVE6LJVFVY/preprocessed/rs_fc.pt
NDAR_INVE6T95560,/midtier/sablab/scratch/lem4012/data/abcd-data-hr/NDAR_INVE6T95560/preprocessed/rs_fc.pt
NDAR_INVE75NTPTJ,/midtier/sablab/scratch/lem4012/data/abcd-data-hr/NDAR_INVE75NTPTJ/preprocessed/rs_fc.pt
NDAR_INVE7EG3Y66,/midtier/sablab/scratch/lem4012/data/abcd-data-hr/NDAR_INVE7EG3Y66/preprocessed/rs_fc.pt
NDAR_INVE860RUUB,/midtier/sablab/scratch/lem4012/data/abcd-data-hr/NDAR_INVE860RUUB/preprocessed/rs_fc.pt
NDAR_INVEAH0VU8C,/midtier/sablab/scratch/lem4012/data/abcd-data-hr/NDAR_INVEAH0VU8C/preprocessed/rs_fc.pt
NDAR_INVEAK38TE7,/midtier/sablab/scratch/lem4012/data/abcd-data-hr/NDAR_INVEAK38TE7/preprocessed/rs_fc.pt
NDAR_INVEB59FX7V,/midtier/sablab/scratch/lem4012/data/abcd-data-hr/NDAR_INVEB59FX7V/preprocessed/rs_fc.pt
NDAR_INVEBVE1NF9,/midtier/sablab/scratch/lem4012/data/abcd-data-hr/NDAR_INVEBVE1NF9/preprocessed/rs_fc.pt
NDAR_INVED05HV5A,/midtier/sablab/scratch/lem4012/data/abcd-data-hr/NDAR_INVED05HV5A/preprocessed/rs_fc.pt
NDAR_INVED7CA79P,/midtier/sablab/scratch/lem4012/data/abcd-data-hr/NDAR_INVED7CA79P/preprocessed/rs_fc.pt
NDAR_INVEDBGH2KG,/midtier/sablab/scratch/lem4012/data/abcd-data-hr/NDAR_INVEDBGH2KG/preprocessed/rs_fc.pt
NDAR_INVEDF5950W,/midtier/sablab/scratch/lem4012/data/abcd-data-hr/NDAR_INVEDF5950W/preprocessed/rs_fc.pt
NDAR_INVEEVBDEC7,/midtier/sablab/scratch/lem4012/data/abcd-data-hr/NDAR_INVEEVBDEC7/preprocessed/rs_fc.pt
NDAR_INVEGCADPBF,/midtier/sablab/scratch/lem4012/data/abcd-data-hr/NDAR_INVEGCADPBF/preprocessed/rs_fc.pt
NDAR_INVEGZWYGFM,/midtier/sablab/scratch/lem4012/data/abcd-data-hr/NDAR_INVEGZWYGFM/preprocessed/rs_fc.pt
NDAR_INVEHK3MYNR,/midtier/sablab/scratch/lem4012/data/abcd-data-hr/NDAR_INVEHK3MYNR/preprocessed/rs_fc.pt
NDAR_INVEHM6WFDX,/midtier/sablab/scratch/lem4012/data/abcd-data-hr/NDAR_INVEHM6WFDX/preprocessed/rs_fc.pt
NDAR_INVEHVK33X7,/midtier/sablab/scratch/lem4012/data/abcd-data-hr/NDAR_INVEHVK33X7/preprocessed/rs_fc.pt
NDAR_INVEJ0L9HZA,/midtier/sablab/scratch/lem4012/data/abcd-data-hr/NDAR_INVEJ0L9HZA/preprocessed/rs_fc.pt
NDAR_INVEJ2BUCAH,/midtier/sablab/scratch/lem4012/data/abcd-data-hr/NDAR_INVEJ2BUCAH/preprocessed/rs_fc.pt
NDAR_INVEJJGPBL3,/midtier/sablab/scratch/lem4012/data/abcd-data-hr/NDAR_INVEJJGPBL3/preprocessed/rs_fc.pt
NDAR_INVELT0XBV8,/midtier/sablab/scratch/lem4012/data/abcd-data-hr/NDAR_INVELT0XBV8/preprocessed/rs_fc.pt
NDAR_INVELUYAFWW,/midtier/sablab/scratch/lem4012/data/abcd-data-hr/NDAR_INVELUYAFWW/preprocessed/rs_fc.pt
NDAR_INVEM76GN60,/midtier/sablab/scratch/lem4012/data/abcd-data-hr/NDAR_INVEM76GN60/preprocessed/rs_fc.pt
NDAR_INVEN633MJR,/midtier/sablab/scratch/lem4012/data/abcd-data-hr/NDAR_INVEN633MJR/preprocessed/rs_fc.pt
NDAR_INVENJV9P26,/midtier/sablab/scratch/lem4012/data/abcd-data-hr/NDAR_INVENJV9P26/preprocessed/rs_fc.pt
NDAR_INVET2UMV8G,/midtier/sablab/scratch/lem4012/data/abcd-data-hr/NDAR_INVET2UMV8G/preprocessed/rs_fc.pt
NDAR_INVET503WH4,/midtier/sablab/scratch/lem4012/data/abcd-data-hr/NDAR_INVET503WH4/preprocessed/rs_fc.pt
NDAR_INVETR322Y3,/midtier/sablab/scratch/lem4012/data/abcd-data-hr/NDAR_INVETR322Y3/preprocessed/rs_fc.pt
NDAR_INVEWYRM0KZ,/midtier/sablab/scratch/lem4012/data/abcd-data-hr/NDAR_INVEWYRM0KZ/preprocessed/rs_fc.pt
NDAR_INVEXAKNZ18,/midtier/sablab/scratch/lem4012/data/abcd-data-hr/NDAR_INVEXAKNZ18/preprocessed/rs_fc.pt
NDAR_INVEXB1B45G,/midtier/sablab/scratch/lem4012/data/abcd-data-hr/NDAR_INVEXB1B45G/preprocessed/rs_fc.pt
NDAR_INVEXJ42WJT,/midtier/sablab/scratch/lem4012/data/abcd-data-hr/NDAR_INVEXJ42WJT/preprocessed/rs_fc.pt
NDAR_INVEXMPT9GM,/midtier/sablab/scratch/lem4012/data/abcd-data-hr/NDAR_INVEXMPT9GM/preprocessed/rs_fc.pt
NDAR_INVF00P4A2L,/midtier/sablab/scratch/lem4012/data/abcd-data-hr/NDAR_INVF00P4A2L/preprocessed/rs_fc.pt
NDAR_INVF10GU9K6,/midtier/sablab/scratch/lem4012/data/abcd-data-hr/NDAR_INVF10GU9K6/preprocessed/rs_fc.pt
NDAR_INVF1585TVY,/midtier/sablab/scratch/lem4012/data/abcd-data-hr/NDAR_INVF1585TVY/preprocessed/rs_fc.pt
NDAR_INVF1JR8615,/midtier/sablab/scratch/lem4012/data/abcd-data-hr/NDAR_INVF1JR8615/preprocessed/rs_fc.pt
NDAR_INVF1L01D94,/midtier/sablab/scratch/lem4012/data/abcd-data-hr/NDAR_INVF1L01D94/preprocessed/rs_fc.pt
NDAR_INVF28KN8WU,/midtier/sablab/scratch/lem4012/data/abcd-data-hr/NDAR_INVF28KN8WU/preprocessed/rs_fc.pt
NDAR_INVF2KR1Y5T,/midtier/sablab/scratch/lem4012/data/abcd-data-hr/NDAR_INVF2KR1Y5T/preprocessed/rs_fc.pt
NDAR_INVF3YGVG6M,/midtier/sablab/scratch/lem4012/data/abcd-data-hr/NDAR_INVF3YGVG6M/preprocessed/rs_fc.pt
NDAR_INVF40W150V,/midtier/sablab/scratch/lem4012/data/abcd-data-hr/NDAR_INVF40W150V/preprocessed/rs_fc.pt
NDAR_INVF4Z1R5WK,/midtier/sablab/scratch/lem4012/data/abcd-data-hr/NDAR_INVF4Z1R5WK/preprocessed/rs_fc.pt
NDAR_INVF548JWWW,/midtier/sablab/scratch/lem4012/data/abcd-data-hr/NDAR_INVF548JWWW/preprocessed/rs_fc.pt
NDAR_INVF5R46XKV,/midtier/sablab/scratch/lem4012/data/abcd-data-hr/NDAR_INVF5R46XKV/preprocessed/rs_fc.pt
NDAR_INVF60M393G,/midtier/sablab/scratch/lem4012/data/abcd-data-hr/NDAR_INVF60M393G/preprocessed/rs_fc.pt
NDAR_INVF6553H6E,/midtier/sablab/scratch/lem4012/data/abcd-data-hr/NDAR_INVF6553H6E/preprocessed/rs_fc.pt
NDAR_INVF6784XR4,/midtier/sablab/scratch/lem4012/data/abcd-data-hr/NDAR_INVF6784XR4/preprocessed/rs_fc.pt
NDAR_INVF6ZPU6YK,/midtier/sablab/scratch/lem4012/data/abcd-data-hr/NDAR_INVF6ZPU6YK/preprocessed/rs_fc.pt
NDAR_INVF7F6URTR,/midtier/sablab/scratch/lem4012/data/abcd-data-hr/NDAR_INVF7F6URTR/preprocessed/rs_fc.pt
NDAR_INVF7RLL816,/midtier/sablab/scratch/lem4012/data/abcd-data-hr/NDAR_INVF7RLL816/preprocessed/rs_fc.pt
NDAR_INVF7XD8336,/midtier/sablab/scratch/lem4012/data/abcd-data-hr/NDAR_INVF7XD8336/preprocessed/rs_fc.pt
NDAR_INVF858E5X6,/midtier/sablab/scratch/lem4012/data/abcd-data-hr/NDAR_INVF858E5X6/preprocessed/rs_fc.pt
NDAR_INVF8M7HCCK,/midtier/sablab/scratch/lem4012/data/abcd-data-hr/NDAR_INVF8M7HCCK/preprocessed/rs_fc.pt
NDAR_INVF99CJ6A0,/midtier/sablab/scratch/lem4012/data/abcd-data-hr/NDAR_INVF99CJ6A0/preprocessed/rs_fc.pt
NDAR_INVF9AA4D38,/midtier/sablab/scratch/lem4012/data/abcd-data-hr/NDAR_INVF9AA4D38/preprocessed/rs_fc.pt
NDAR_INVF9RGL53U,/midtier/sablab/scratch/lem4012/data/abcd-data-hr/NDAR_INVF9RGL53U/preprocessed/rs_fc.pt
NDAR_INVFA7TAR0L,/midtier/sablab/scratch/lem4012/data/abcd-data-hr/NDAR_INVFA7TAR0L/preprocessed/rs_fc.pt
NDAR_INVFAFNLCWD,/midtier/sablab/scratch/lem4012/data/abcd-data-hr/NDAR_INVFAFNLCWD/preprocessed/rs_fc.pt
NDAR_INVFAKM0Y7X,/midtier/sablab/scratch/lem4012/data/abcd-data-hr/NDAR_INVFAKM0Y7X/preprocessed/rs_fc.pt
NDAR_INVFAM4RN2C,/midtier/sablab/scratch/lem4012/data/abcd-data-hr/NDAR_INVFAM4RN2C/preprocessed/rs_fc.pt
NDAR_INVFB03XKRE,/midtier/sablab/scratch/lem4012/data/abcd-data-hr/NDAR_INVFB03XKRE/preprocessed/rs_fc.pt
NDAR_INVFBKHE2PK,/midtier/sablab/scratch/lem4012/data/abcd-data-hr/NDAR_INVFBKHE2PK/preprocessed/rs_fc.pt
NDAR_INVFBRPT56J,/midtier/sablab/scratch/lem4012/data/abcd-data-hr/NDAR_INVFBRPT56J/preprocessed/rs_fc.pt
NDAR_INVFC0XL0E1,/midtier/sablab/scratch/lem4012/data/abcd-data-hr/NDAR_INVFC0XL0E1/preprocessed/rs_fc.pt
NDAR_INVFD9X0A8E,/midtier/sablab/scratch/lem4012/data/abcd-data-hr/NDAR_INVFD9X0A8E/preprocessed/rs_fc.pt
NDAR_INVFDCGB66W,/midtier/sablab/scratch/lem4012/data/abcd-data-hr/NDAR_INVFDCGB66W/preprocessed/rs_fc.pt
NDAR_INVFDHJC32H,/midtier/sablab/scratch/lem4012/data/abcd-data-hr/NDAR_INVFDHJC32H/preprocessed/rs_fc.pt
NDAR_INVFDM0PRRA,/midtier/sablab/scratch/lem4012/data/abcd-data-hr/NDAR_INVFDM0PRRA/preprocessed/rs_fc.pt
NDAR_INVFDU2XP47,/midtier/sablab/scratch/lem4012/data/abcd-data-hr/NDAR_INVFDU2XP47/preprocessed/rs_fc.pt
NDAR_INVFE9E90ZH,/midtier/sablab/scratch/lem4012/data/abcd-data-hr/NDAR_INVFE9E90ZH/preprocessed/rs_fc.pt
NDAR_INVFEAE6H0K,/midtier/sablab/scratch/lem4012/data/abcd-data-hr/NDAR_INVFEAE6H0K/preprocessed/rs_fc.pt
NDAR_INVFEKGBDCL,/midtier/sablab/scratch/lem4012/data/abcd-data-hr/NDAR_INVFEKGBDCL/preprocessed/rs_fc.pt
NDAR_INVFF0AUTMG,/midtier/sablab/scratch/lem4012/data/abcd-data-hr/NDAR_INVFF0AUTMG/preprocessed/rs_fc.pt
NDAR_INVFF1W5WM0,/midtier/sablab/scratch/lem4012/data/abcd-data-hr/NDAR_INVFF1W5WM0/preprocessed/rs_fc.pt
NDAR_INVFF635G4N,/midtier/sablab/scratch/lem4012/data/abcd-data-hr/NDAR_INVFF635G4N/preprocessed/rs_fc.pt
NDAR_INVFGMBVN9X,/midtier/sablab/scratch/lem4012/data/abcd-data-hr/NDAR_INVFGMBVN9X/preprocessed/rs_fc.pt
NDAR_INVFH4ZYJY6,/midtier/sablab/scratch/lem4012/data/abcd-data-hr/NDAR_INVFH4ZYJY6/preprocessed/rs_fc.pt
NDAR_INVFJ2WR5PF,/midtier/sablab/scratch/lem4012/data/abcd-data-hr/NDAR_INVFJ2WR5PF/preprocessed/rs_fc.pt
NDAR_INVFJP3171C,/midtier/sablab/scratch/lem4012/data/abcd-data-hr/NDAR_INVFJP3171C/preprocessed/rs_fc.pt
NDAR_INVFKJ3HUBM,/midtier/sablab/scratch/lem4012/data/abcd-data-hr/NDAR_INVFKJ3HUBM/preprocessed/rs_fc.pt
NDAR_INVFM8FB6B7,/midtier/sablab/scratch/lem4012/data/abcd-data-hr/NDAR_INVFM8FB6B7/preprocessed/rs_fc.pt
NDAR_INVFMCMJ0X2,/midtier/sablab/scratch/lem4012/data/abcd-data-hr/NDAR_INVFMCMJ0X2/preprocessed/rs_fc.pt
NDAR_INVFMJCXXYX,/midtier/sablab/scratch/lem4012/data/abcd-data-hr/NDAR_INVFMJCXXYX/preprocessed/rs_fc.pt
NDAR_INVFN0UUKK3,/midtier/sablab/scratch/lem4012/data/abcd-data-hr/NDAR_INVFN0UUKK3/preprocessed/rs_fc.pt
NDAR_INVFP0XG9V9,/midtier/sablab/scratch/lem4012/data/abcd-data-hr/NDAR_INVFP0XG9V9/preprocessed/rs_fc.pt
NDAR_INVFR2DW1WV,/midtier/sablab/scratch/lem4012/data/abcd-data-hr/NDAR_INVFR2DW1WV/preprocessed/rs_fc.pt
NDAR_INVFRW1F9MA,/midtier/sablab/scratch/lem4012/data/abcd-data-hr/NDAR_INVFRW1F9MA/preprocessed/rs_fc.pt
NDAR_INVFT8XPNW8,/midtier/sablab/scratch/lem4012/data/abcd-data-hr/NDAR_INVFT8XPNW8/preprocessed/rs_fc.pt
NDAR_INVFTJ00JVU,/midtier/sablab/scratch/lem4012/data/abcd-data-hr/NDAR_INVFTJ00JVU/preprocessed/rs_fc.pt
NDAR_INVFU4GY5DE,/midtier/sablab/scratch/lem4012/data/abcd-data-hr/NDAR_INVFU4GY5DE/preprocessed/rs_fc.pt
NDAR_INVFUH19LTF,/midtier/sablab/scratch/lem4012/data/abcd-data-hr/NDAR_INVFUH19LTF/preprocessed/rs_fc.pt
NDAR_INVFV0JWJ60,/midtier/sablab/scratch/lem4012/data/abcd-data-hr/NDAR_INVFV0JWJ60/preprocessed/rs_fc.pt
NDAR_INVFVCM2D5L,/midtier/sablab/scratch/lem4012/data/abcd-data-hr/NDAR_INVFVCM2D5L/preprocessed/rs_fc.pt
NDAR_INVFVFMMHD7,/midtier/sablab/scratch/lem4012/data/abcd-data-hr/NDAR_INVFVFMMHD7/preprocessed/rs_fc.pt
NDAR_INVFVKL3D0C,/midtier/sablab/scratch/lem4012/data/abcd-data-hr/NDAR_INVFVKL3D0C/preprocessed/rs_fc.pt
NDAR_INVFVPJVUJZ,/midtier/sablab/scratch/lem4012/data/abcd-data-hr/NDAR_INVFVPJVUJZ/preprocessed/rs_fc.pt
NDAR_INVFWLC8Z8K,/midtier/sablab/scratch/lem4012/data/abcd-data-hr/NDAR_INVFWLC8Z8K/preprocessed/rs_fc.pt
NDAR_INVFWR9TP0V,/midtier/sablab/scratch/lem4012/data/abcd-data-hr/NDAR_INVFWR9TP0V/preprocessed/rs_fc.pt
NDAR_INVFWU0HW96,/midtier/sablab/scratch/lem4012/data/abcd-data-hr/NDAR_INVFWU0HW96/preprocessed/rs_fc.pt
NDAR_INVFWYFBEK0,/midtier/sablab/scratch/lem4012/data/abcd-data-hr/NDAR_INVFWYFBEK0/preprocessed/rs_fc.pt
NDAR_INVFXBFWCR0,/midtier/sablab/scratch/lem4012/data/abcd-data-hr/NDAR_INVFXBFWCR0/preprocessed/rs_fc.pt
NDAR_INVFY2VY166,/midtier/sablab/scratch/lem4012/data/abcd-data-hr/NDAR_INVFY2VY166/preprocessed/rs_fc.pt
NDAR_INVFZ4F6Y38,/midtier/sablab/scratch/lem4012/data/abcd-data-hr/NDAR_INVFZ4F6Y38/preprocessed/rs_fc.pt
NDAR_INVFZ8BBNJK,/midtier/sablab/scratch/lem4012/data/abcd-data-hr/NDAR_INVFZ8BBNJK/preprocessed/rs_fc.pt
NDAR_INVFZ97ZA0Z,/midtier/sablab/scratch/lem4012/data/abcd-data-hr/NDAR_INVFZ97ZA0Z/preprocessed/rs_fc.pt
NDAR_INVG026P1C9,/midtier/sablab/scratch/lem4012/data/abcd-data-hr/NDAR_INVG026P1C9/preprocessed/rs_fc.pt
NDAR_INVG04AEYYX,/midtier/sablab/scratch/lem4012/data/abcd-data-hr/NDAR_INVG04AEYYX/preprocessed/rs_fc.pt
NDAR_INVG0K2DRXF,/midtier/sablab/scratch/lem4012/data/abcd-data-hr/NDAR_INVG0K2DRXF/preprocessed/rs_fc.pt
NDAR_INVG0PD8MBV,/midtier/sablab/scratch/lem4012/data/abcd-data-hr/NDAR_INVG0PD8MBV/preprocessed/rs_fc.pt
NDAR_INVG1U31EWC,/midtier/sablab/scratch/lem4012/data/abcd-data-hr/NDAR_INVG1U31EWC/preprocessed/rs_fc.pt
NDAR_INVG1ZW4G9G,/midtier/sablab/scratch/lem4012/data/abcd-data-hr/NDAR_INVG1ZW4G9G/preprocessed/rs_fc.pt
NDAR_INVG2H30ATD,/midtier/sablab/scratch/lem4012/data/abcd-data-hr/NDAR_INVG2H30ATD/preprocessed/rs_fc.pt
NDAR_INVG2MCMYGW,/midtier/sablab/scratch/lem4012/data/abcd-data-hr/NDAR_INVG2MCMYGW/preprocessed/rs_fc.pt
NDAR_INVG40TP4HF,/midtier/sablab/scratch/lem4012/data/abcd-data-hr/NDAR_INVG40TP4HF/preprocessed/rs_fc.pt
NDAR_INVG48P9551,/midtier/sablab/scratch/lem4012/data/abcd-data-hr/NDAR_INVG48P9551/preprocessed/rs_fc.pt
NDAR_INVG4GPJ9B6,/midtier/sablab/scratch/lem4012/data/abcd-data-hr/NDAR_INVG4GPJ9B6/preprocessed/rs_fc.pt
NDAR_INVG4Y3RT8P,/midtier/sablab/scratch/lem4012/data/abcd-data-hr/NDAR_INVG4Y3RT8P/preprocessed/rs_fc.pt
NDAR_INVG51E0KVR,/midtier/sablab/scratch/lem4012/data/abcd-data-hr/NDAR_INVG51E0KVR/preprocessed/rs_fc.pt
NDAR_INVG66DDVRA,/midtier/sablab/scratch/lem4012/data/abcd-data-hr/NDAR_INVG66DDVRA/preprocessed/rs_fc.pt
NDAR_INVG6VRYVW0,/midtier/sablab/scratch/lem4012/data/abcd-data-hr/NDAR_INVG6VRYVW0/preprocessed/rs_fc.pt
NDAR_INVG7BRDFU8,/midtier/sablab/scratch/lem4012/data/abcd-data-hr/NDAR_INVG7BRDFU8/preprocessed/rs_fc.pt
NDAR_INVG7DT8J7N,/midtier/sablab/scratch/lem4012/data/abcd-data-hr/NDAR_INVG7DT8J7N/preprocessed/rs_fc.pt
NDAR_INVG86EJHZD,/midtier/sablab/scratch/lem4012/data/abcd-data-hr/NDAR_INVG86EJHZD/preprocessed/rs_fc.pt
NDAR_INVG88720Z7,/midtier/sablab/scratch/lem4012/data/abcd-data-hr/NDAR_INVG88720Z7/preprocessed/rs_fc.pt
NDAR_INVG8B9LC6Y,/midtier/sablab/scratch/lem4012/data/abcd-data-hr/NDAR_INVG8B9LC6Y/preprocessed/rs_fc.pt
NDAR_INVG8K37NDD,/midtier/sablab/scratch/lem4012/data/abcd-data-hr/NDAR_INVG8K37NDD/preprocessed/rs_fc.pt
NDAR_INVG957G5YY,/midtier/sablab/scratch/lem4012/data/abcd-data-hr/NDAR_INVG957G5YY/preprocessed/rs_fc.pt
NDAR_INVG97EBXTL,/midtier/sablab/scratch/lem4012/data/abcd-data-hr/NDAR_INVG97EBXTL/preprocessed/rs_fc.pt
NDAR_INVGAFB8D70,/midtier/sablab/scratch/lem4012/data/abcd-data-hr/NDAR_INVGAFB8D70/preprocessed/rs_fc.pt
NDAR_INVGB26JEH6,/midtier/sablab/scratch/lem4012/data/abcd-data-hr/NDAR_INVGB26JEH6/preprocessed/rs_fc.pt
NDAR_INVGDX7FYYH,/midtier/sablab/scratch/lem4012/data/abcd-data-hr/NDAR_INVGDX7FYYH/preprocessed/rs_fc.pt
NDAR_INVGG19UZTY,/midtier/sablab/scratch/lem4012/data/abcd-data-hr/NDAR_INVGG19UZTY/preprocessed/rs_fc.pt
NDAR_INVGGDFBWCL,/midtier/sablab/scratch/lem4012/data/abcd-data-hr/NDAR_INVGGDFBWCL/preprocessed/rs_fc.pt
NDAR_INVGGTCPFBU,/midtier/sablab/scratch/lem4012/data/abcd-data-hr/NDAR_INVGGTCPFBU/preprocessed/rs_fc.pt
NDAR_INVGGWR0CHT,/midtier/sablab/scratch/lem4012/data/abcd-data-hr/NDAR_INVGGWR0CHT/preprocessed/rs_fc.pt
NDAR_INVGH27THFL,/midtier/sablab/scratch/lem4012/data/abcd-data-hr/NDAR_INVGH27THFL/preprocessed/rs_fc.pt
NDAR_INVGH562UEB,/midtier/sablab/scratch/lem4012/data/abcd-data-hr/NDAR_INVGH562UEB/preprocessed/rs_fc.pt
NDAR_INVGH70J8FC,/midtier/sablab/scratch/lem4012/data/abcd-data-hr/NDAR_INVGH70J8FC/preprocessed/rs_fc.pt
NDAR_INVGK0U56AG,/midtier/sablab/scratch/lem4012/data/abcd-data-hr/NDAR_INVGK0U56AG/preprocessed/rs_fc.pt
NDAR_INVGL08BW0W,/midtier/sablab/scratch/lem4012/data/abcd-data-hr/NDAR_INVGL08BW0W/preprocessed/rs_fc.pt
NDAR_INVGLTMA4LA,/midtier/sablab/scratch/lem4012/data/abcd-data-hr/NDAR_INVGLTMA4LA/preprocessed/rs_fc.pt
NDAR_INVGM7YJH08,/midtier/sablab/scratch/lem4012/data/abcd-data-hr/NDAR_INVGM7YJH08/preprocessed/rs_fc.pt
NDAR_INVGMC8M2DC,/midtier/sablab/scratch/lem4012/data/abcd-data-hr/NDAR_INVGMC8M2DC/preprocessed/rs_fc.pt
NDAR_INVGMXJ0X9K,/midtier/sablab/scratch/lem4012/data/abcd-data-hr/NDAR_INVGMXJ0X9K/preprocessed/rs_fc.pt
NDAR_INVGN54BJA4,/midtier/sablab/scratch/lem4012/data/abcd-data-hr/NDAR_INVGN54BJA4/preprocessed/rs_fc.pt
NDAR_INVGP88W2WM,/midtier/sablab/scratch/lem4012/data/abcd-data-hr/NDAR_INVGP88W2WM/preprocessed/rs_fc.pt
NDAR_INVGR9UK9P6,/midtier/sablab/scratch/lem4012/data/abcd-data-hr/NDAR_INVGR9UK9P6/preprocessed/rs_fc.pt
NDAR_INVGT7N45VY,/midtier/sablab/scratch/lem4012/data/abcd-data-hr/NDAR_INVGT7N45VY/preprocessed/rs_fc.pt
NDAR_INVGTA6ENJ9,/midtier/sablab/scratch/lem4012/data/abcd-data-hr/NDAR_INVGTA6ENJ9/preprocessed/rs_fc.pt
NDAR_INVGTLHXWHH,/midtier/sablab/scratch/lem4012/data/abcd-data-hr/NDAR_INVGTLHXWHH/preprocessed/rs_fc.pt
NDAR_INVGU3ADLYR,/midtier/sablab/scratch/lem4012/data/abcd-data-hr/NDAR_INVGU3ADLYR/preprocessed/rs_fc.pt
NDAR_INVGUBG700J,/midtier/sablab/scratch/lem4012/data/abcd-data-hr/NDAR_INVGUBG700J/preprocessed/rs_fc.pt
NDAR_INVGUGEVCM0,/midtier/sablab/scratch/lem4012/data/abcd-data-hr/NDAR_INVGUGEVCM0/preprocessed/rs_fc.pt
NDAR_INVGV7AT23A,/midtier/sablab/scratch/lem4012/data/abcd-data-hr/NDAR_INVGV7AT23A/preprocessed/rs_fc.pt
NDAR_INVGVAR0AFB,/midtier/sablab/scratch/lem4012/data/abcd-data-hr/NDAR_INVGVAR0AFB/preprocessed/rs_fc.pt
NDAR_INVGVMFM94R,/midtier/sablab/scratch/lem4012/data/abcd-data-hr/NDAR_INVGVMFM94R/preprocessed/rs_fc.pt
NDAR_INVGWVK97F4,/midtier/sablab/scratch/lem4012/data/abcd-data-hr/NDAR_INVGWVK97F4/preprocessed/rs_fc.pt
NDAR_INVGXEFPU6Y,/midtier/sablab/scratch/lem4012/data/abcd-data-hr/NDAR_INVGXEFPU6Y/preprocessed/rs_fc.pt
NDAR_INVGY8VBRN0,/midtier/sablab/scratch/lem4012/data/abcd-data-hr/NDAR_INVGY8VBRN0/preprocessed/rs_fc.pt
NDAR_INVGY9L0FCK,/midtier/sablab/scratch/lem4012/data/abcd-data-hr/NDAR_INVGY9L0FCK/preprocessed/rs_fc.pt
NDAR_INVGYZ787M8,/midtier/sablab/scratch/lem4012/data/abcd-data-hr/NDAR_INVGYZ787M8/preprocessed/rs_fc.pt
NDAR_INVH0DGUW54,/midtier/sablab/scratch/lem4012/data/abcd-data-hr/NDAR_INVH0DGUW54/preprocessed/rs_fc.pt
NDAR_INVH1A3JG9F,/midtier/sablab/scratch/lem4012/data/abcd-data-hr/NDAR_INVH1A3JG9F/preprocessed/rs_fc.pt
NDAR_INVH1BGGDYR,/midtier/sablab/scratch/lem4012/data/abcd-data-hr/NDAR_INVH1BGGDYR/preprocessed/rs_fc.pt
NDAR_INVH1E70RH9,/midtier/sablab/scratch/lem4012/data/abcd-data-hr/NDAR_INVH1E70RH9/preprocessed/rs_fc.pt
NDAR_INVH2V87PDP,/midtier/sablab/scratch/lem4012/data/abcd-data-hr/NDAR_INVH2V87PDP/preprocessed/rs_fc.pt
NDAR_INVH2V8E35J,/midtier/sablab/scratch/lem4012/data/abcd-data-hr/NDAR_INVH2V8E35J/preprocessed/rs_fc.pt
NDAR_INVH3JAB3RR,/midtier/sablab/scratch/lem4012/data/abcd-data-hr/NDAR_INVH3JAB3RR/preprocessed/rs_fc.pt
NDAR_INVH3MZK10Z,/midtier/sablab/scratch/lem4012/data/abcd-data-hr/NDAR_INVH3MZK10Z/preprocessed/rs_fc.pt
NDAR_INVH4DCU3R1,/midtier/sablab/scratch/lem4012/data/abcd-data-hr/NDAR_INVH4DCU3R1/preprocessed/rs_fc.pt
NDAR_INVH5L260UZ,/midtier/sablab/scratch/lem4012/data/abcd-data-hr/NDAR_INVH5L260UZ/preprocessed/rs_fc.pt
NDAR_INVH5VGWKZU,/midtier/sablab/scratch/lem4012/data/abcd-data-hr/NDAR_INVH5VGWKZU/preprocessed/rs_fc.pt
NDAR_INVH5XZL20U,/midtier/sablab/scratch/lem4012/data/abcd-data-hr/NDAR_INVH5XZL20U/preprocessed/rs_fc.pt
NDAR_INVH6CA8U5X,/midtier/sablab/scratch/lem4012/data/abcd-data-hr/NDAR_INVH6CA8U5X/preprocessed/rs_fc.pt
NDAR_INVH6H319AA,/midtier/sablab/scratch/lem4012/data/abcd-data-hr/NDAR_INVH6H319AA/preprocessed/rs_fc.pt
NDAR_INVH7TM17PE,/midtier/sablab/scratch/lem4012/data/abcd-data-hr/NDAR_INVH7TM17PE/preprocessed/rs_fc.pt
NDAR_INVH83KP4EM,/midtier/sablab/scratch/lem4012/data/abcd-data-hr/NDAR_INVH83KP4EM/preprocessed/rs_fc.pt
NDAR_INVH925BUDA,/midtier/sablab/scratch/lem4012/data/abcd-data-hr/NDAR_INVH925BUDA/preprocessed/rs_fc.pt
NDAR_INVH93P807E,/midtier/sablab/scratch/lem4012/data/abcd-data-hr/NDAR_INVH93P807E/preprocessed/rs_fc.pt
NDAR_INVH9DY5DU5,/midtier/sablab/scratch/lem4012/data/abcd-data-hr/NDAR_INVH9DY5DU5/preprocessed/rs_fc.pt
NDAR_INVH9NZRW87,/midtier/sablab/scratch/lem4012/data/abcd-data-hr/NDAR_INVH9NZRW87/preprocessed/rs_fc.pt
NDAR_INVH9UAFJZ8,/midtier/sablab/scratch/lem4012/data/abcd-data-hr/NDAR_INVH9UAFJZ8/preprocessed/rs_fc.pt
NDAR_INVHAHA8KEB,/midtier/sablab/scratch/lem4012/data/abcd-data-hr/NDAR_INVHAHA8KEB/preprocessed/rs_fc.pt
NDAR_INVHC9R0C16,/midtier/sablab/scratch/lem4012/data/abcd-data-hr/NDAR_INVHC9R0C16/preprocessed/rs_fc.pt
NDAR_INVHDNWHYA8,/midtier/sablab/scratch/lem4012/data/abcd-data-hr/NDAR_INVHDNWHYA8/preprocessed/rs_fc.pt
NDAR_INVHF0D2M6B,/midtier/sablab/scratch/lem4012/data/abcd-data-hr/NDAR_INVHF0D2M6B/preprocessed/rs_fc.pt
NDAR_INVHF0XT8CF,/midtier/sablab/scratch/lem4012/data/abcd-data-hr/NDAR_INVHF0XT8CF/preprocessed/rs_fc.pt
NDAR_INVHF1GBEEX,/midtier/sablab/scratch/lem4012/data/abcd-data-hr/NDAR_INVHF1GBEEX/preprocessed/rs_fc.pt
NDAR_INVHFB480XX,/midtier/sablab/scratch/lem4012/data/abcd-data-hr/NDAR_INVHFB480XX/preprocessed/rs_fc.pt
NDAR_INVHFKCY87W,/midtier/sablab/scratch/lem4012/data/abcd-data-hr/NDAR_INVHFKCY87W/preprocessed/rs_fc.pt
NDAR_INVHG7XVL8P,/midtier/sablab/scratch/lem4012/data/abcd-data-hr/NDAR_INVHG7XVL8P/preprocessed/rs_fc.pt
NDAR_INVHG9AE2V9,/midtier/sablab/scratch/lem4012/data/abcd-data-hr/NDAR_INVHG9AE2V9/preprocessed/rs_fc.pt
NDAR_INVHGEY0HNL,/midtier/sablab/scratch/lem4012/data/abcd-data-hr/NDAR_INVHGEY0HNL/preprocessed/rs_fc.pt
NDAR_INVHJ09MKKG,/midtier/sablab/scratch/lem4012/data/abcd-data-hr/NDAR_INVHJ09MKKG/preprocessed/rs_fc.pt
NDAR_INVHK68MTVB,/midtier/sablab/scratch/lem4012/data/abcd-data-hr/NDAR_INVHK68MTVB/preprocessed/rs_fc.pt
NDAR_INVHKYD8UCZ,/midtier/sablab/scratch/lem4012/data/abcd-data-hr/NDAR_INVHKYD8UCZ/preprocessed/rs_fc.pt
NDAR_INVHL80JFPU,/midtier/sablab/scratch/lem4012/data/abcd-data-hr/NDAR_INVHL80JFPU/preprocessed/rs_fc.pt
NDAR_INVHLMVLRAG,/midtier/sablab/scratch/lem4012/data/abcd-data-hr/NDAR_INVHLMVLRAG/preprocessed/rs_fc.pt
NDAR_INVHMNN9G5J,/midtier/sablab/scratch/lem4012/data/abcd-data-hr/NDAR_INVHMNN9G5J/preprocessed/rs_fc.pt
NDAR_INVHNER3YDN,/midtier/sablab/scratch/lem4012/data/abcd-data-hr/NDAR_INVHNER3YDN/preprocessed/rs_fc.pt
NDAR_INVHP17VUZM,/midtier/sablab/scratch/lem4012/data/abcd-data-hr/NDAR_INVHP17VUZM/preprocessed/rs_fc.pt
NDAR_INVHPNB07E7,/midtier/sablab/scratch/lem4012/data/abcd-data-hr/NDAR_INVHPNB07E7/preprocessed/rs_fc.pt
NDAR_INVHPVR3UVC,/midtier/sablab/scratch/lem4012/data/abcd-data-hr/NDAR_INVHPVR3UVC/preprocessed/rs_fc.pt
NDAR_INVHR1HZ6FC,/midtier/sablab/scratch/lem4012/data/abcd-data-hr/NDAR_INVHR1HZ6FC/preprocessed/rs_fc.pt
NDAR_INVHRT3979L,/midtier/sablab/scratch/lem4012/data/abcd-data-hr/NDAR_INVHRT3979L/preprocessed/rs_fc.pt
NDAR_INVHRTU9HVX,/midtier/sablab/scratch/lem4012/data/abcd-data-hr/NDAR_INVHRTU9HVX/preprocessed/rs_fc.pt
NDAR_INVHUD7MU7R,/midtier/sablab/scratch/lem4012/data/abcd-data-hr/NDAR_INVHUD7MU7R/preprocessed/rs_fc.pt
NDAR_INVHUVWGGUZ,/midtier/sablab/scratch/lem4012/data/abcd-data-hr/NDAR_INVHUVWGGUZ/preprocessed/rs_fc.pt
NDAR_INVHUWCJ9BX,/midtier/sablab/scratch/lem4012/data/abcd-data-hr/NDAR_INVHUWCJ9BX/preprocessed/rs_fc.pt
NDAR_INVHW0PPV8W,/midtier/sablab/scratch/lem4012/data/abcd-data-hr/NDAR_INVHW0PPV8W/preprocessed/rs_fc.pt
NDAR_INVHWX750UV,/midtier/sablab/scratch/lem4012/data/abcd-data-hr/NDAR_INVHWX750UV/preprocessed/rs_fc.pt
NDAR_INVHXB99NBE,/midtier/sablab/scratch/lem4012/data/abcd-data-hr/NDAR_INVHXB99NBE/preprocessed/rs_fc.pt
NDAR_INVHXH48HLR,/midtier/sablab/scratch/lem4012/data/abcd-data-hr/NDAR_INVHXH48HLR/preprocessed/rs_fc.pt
NDAR_INVHXL07E2D,/midtier/sablab/scratch/lem4012/data/abcd-data-hr/NDAR_INVHXL07E2D/preprocessed/rs_fc.pt
NDAR_INVHXY3TJAT,/midtier/sablab/scratch/lem4012/data/abcd-data-hr/NDAR_INVHXY3TJAT/preprocessed/rs_fc.pt
NDAR_INVHY5L5CMP,/midtier/sablab/scratch/lem4012/data/abcd-data-hr/NDAR_INVHY5L5CMP/preprocessed/rs_fc.pt
NDAR_INVHYYUJ7LR,/midtier/sablab/scratch/lem4012/data/abcd-data-hr/NDAR_INVHYYUJ7LR/preprocessed/rs_fc.pt
NDAR_INVHZE72VNG,/midtier/sablab/scratch/lem4012/data/abcd-data-hr/NDAR_INVHZE72VNG/preprocessed/rs_fc.pt
NDAR_INVHZFXERBU,/midtier/sablab/scratch/lem4012/data/abcd-data-hr/NDAR_INVHZFXERBU/preprocessed/rs_fc.pt
NDAR_INVHZR13VNX,/midtier/sablab/scratch/lem4012/data/abcd-data-hr/NDAR_INVHZR13VNX/preprocessed/rs_fc.pt
NDAR_INVJ0130AZB,/midtier/sablab/scratch/lem4012/data/abcd-data-hr/NDAR_INVJ0130AZB/preprocessed/rs_fc.pt
NDAR_INVJ04E024W,/midtier/sablab/scratch/lem4012/data/abcd-data-hr/NDAR_INVJ04E024W/preprocessed/rs_fc.pt
NDAR_INVJ08VKMX2,/midtier/sablab/scratch/lem4012/data/abcd-data-hr/NDAR_INVJ08VKMX2/preprocessed/rs_fc.pt
NDAR_INVJ3MBD6X5,/midtier/sablab/scratch/lem4012/data/abcd-data-hr/NDAR_INVJ3MBD6X5/preprocessed/rs_fc.pt
NDAR_INVJ46KXBP8,/midtier/sablab/scratch/lem4012/data/abcd-data-hr/NDAR_INVJ46KXBP8/preprocessed/rs_fc.pt
NDAR_INVJ4RVF00H,/midtier/sablab/scratch/lem4012/data/abcd-data-hr/NDAR_INVJ4RVF00H/preprocessed/rs_fc.pt
NDAR_INVJ4VKABK8,/midtier/sablab/scratch/lem4012/data/abcd-data-hr/NDAR_INVJ4VKABK8/preprocessed/rs_fc.pt
NDAR_INVJ64MJXHT,/midtier/sablab/scratch/lem4012/data/abcd-data-hr/NDAR_INVJ64MJXHT/preprocessed/rs_fc.pt
NDAR_INVJ6EUW017,/midtier/sablab/scratch/lem4012/data/abcd-data-hr/NDAR_INVJ6EUW017/preprocessed/rs_fc.pt
NDAR_INVJ6K2LWCV,/midtier/sablab/scratch/lem4012/data/abcd-data-hr/NDAR_INVJ6K2LWCV/preprocessed/rs_fc.pt
NDAR_INVJ6MH0EXG,/midtier/sablab/scratch/lem4012/data/abcd-data-hr/NDAR_INVJ6MH0EXG/preprocessed/rs_fc.pt
NDAR_INVJ6X3AHW8,/midtier/sablab/scratch/lem4012/data/abcd-data-hr/NDAR_INVJ6X3AHW8/preprocessed/rs_fc.pt
NDAR_INVJ6ZG269P,/midtier/sablab/scratch/lem4012/data/abcd-data-hr/NDAR_INVJ6ZG269P/preprocessed/rs_fc.pt
NDAR_INVJ897YYVE,/midtier/sablab/scratch/lem4012/data/abcd-data-hr/NDAR_INVJ897YYVE/preprocessed/rs_fc.pt
NDAR_INVJ9WR9HD8,/midtier/sablab/scratch/lem4012/data/abcd-data-hr/NDAR_INVJ9WR9HD8/preprocessed/rs_fc.pt
NDAR_INVJAGE8DBX,/midtier/sablab/scratch/lem4012/data/abcd-data-hr/NDAR_INVJAGE8DBX/preprocessed/rs_fc.pt
NDAR_INVJB3HWE14,/midtier/sablab/scratch/lem4012/data/abcd-data-hr/NDAR_INVJB3HWE14/preprocessed/rs_fc.pt
NDAR_INVJBP5WHPK,/midtier/sablab/scratch/lem4012/data/abcd-data-hr/NDAR_INVJBP5WHPK/preprocessed/rs_fc.pt
NDAR_INVJC52GNNU,/midtier/sablab/scratch/lem4012/data/abcd-data-hr/NDAR_INVJC52GNNU/preprocessed/rs_fc.pt
NDAR_INVJD8XXLGE,/midtier/sablab/scratch/lem4012/data/abcd-data-hr/NDAR_INVJD8XXLGE/preprocessed/rs_fc.pt
NDAR_INVJDVWTD1U,/midtier/sablab/scratch/lem4012/data/abcd-data-hr/NDAR_INVJDVWTD1U/preprocessed/rs_fc.pt
NDAR_INVJDXAJTX3,/midtier/sablab/scratch/lem4012/data/abcd-data-hr/NDAR_INVJDXAJTX3/preprocessed/rs_fc.pt
NDAR_INVJFBCAUBM,/midtier/sablab/scratch/lem4012/data/abcd-data-hr/NDAR_INVJFBCAUBM/preprocessed/rs_fc.pt
NDAR_INVJGY9JJPW,/midtier/sablab/scratch/lem4012/data/abcd-data-hr/NDAR_INVJGY9JJPW/preprocessed/rs_fc.pt
NDAR_INVJH93PMX3,/midtier/sablab/scratch/lem4012/data/abcd-data-hr/NDAR_INVJH93PMX3/preprocessed/rs_fc.pt
NDAR_INVJHX361ZP,/midtier/sablab/scratch/lem4012/data/abcd-data-hr/NDAR_INVJHX361ZP/preprocessed/rs_fc.pt
NDAR_INVJKBDRF1B,/midtier/sablab/scratch/lem4012/data/abcd-data-hr/NDAR_INVJKBDRF1B/preprocessed/rs_fc.pt
NDAR_INVJKGPNZA2,/midtier/sablab/scratch/lem4012/data/abcd-data-hr/NDAR_INVJKGPNZA2/preprocessed/rs_fc.pt
NDAR_INVJMTFCLCC,/midtier/sablab/scratch/lem4012/data/abcd-data-hr/NDAR_INVJMTFCLCC/preprocessed/rs_fc.pt
NDAR_INVJNGRXG20,/midtier/sablab/scratch/lem4012/data/abcd-data-hr/NDAR_INVJNGRXG20/preprocessed/rs_fc.pt
NDAR_INVJNHJGKF7,/midtier/sablab/scratch/lem4012/data/abcd-data-hr/NDAR_INVJNHJGKF7/preprocessed/rs_fc.pt
NDAR_INVJP58CZGJ,/midtier/sablab/scratch/lem4012/data/abcd-data-hr/NDAR_INVJP58CZGJ/preprocessed/rs_fc.pt
NDAR_INVJPA3LE7X,/midtier/sablab/scratch/lem4012/data/abcd-data-hr/NDAR_INVJPA3LE7X/preprocessed/rs_fc.pt
NDAR_INVJPDBRMPL,/midtier/sablab/scratch/lem4012/data/abcd-data-hr/NDAR_INVJPDBRMPL/preprocessed/rs_fc.pt
NDAR_INVJPMRY00B,/midtier/sablab/scratch/lem4012/data/abcd-data-hr/NDAR_INVJPMRY00B/preprocessed/rs_fc.pt
NDAR_INVJR8B2Z56,/midtier/sablab/scratch/lem4012/data/abcd-data-hr/NDAR_INVJR8B2Z56/preprocessed/rs_fc.pt
NDAR_INVJRG5AWP1,/midtier/sablab/scratch/lem4012/data/abcd-data-hr/NDAR_INVJRG5AWP1/preprocessed/rs_fc.pt
NDAR_INVJRKN01KZ,/midtier/sablab/scratch/lem4012/data/abcd-data-hr/NDAR_INVJRKN01KZ/preprocessed/rs_fc.pt
NDAR_INVJRPZT0NB,/midtier/sablab/scratch/lem4012/data/abcd-data-hr/NDAR_INVJRPZT0NB/preprocessed/rs_fc.pt
NDAR_INVJT5AUAK8,/midtier/sablab/scratch/lem4012/data/abcd-data-hr/NDAR_INVJT5AUAK8/preprocessed/rs_fc.pt
NDAR_INVJTA9PW0F,/midtier/sablab/scratch/lem4012/data/abcd-data-hr/NDAR_INVJTA9PW0F/preprocessed/rs_fc.pt
NDAR_INVJTCXNL4V,/midtier/sablab/scratch/lem4012/data/abcd-data-hr/NDAR_INVJTCXNL4V/preprocessed/rs_fc.pt
NDAR_INVJU6W0MXX,/midtier/sablab/scratch/lem4012/data/abcd-data-hr/NDAR_INVJU6W0MXX/preprocessed/rs_fc.pt
NDAR_INVJU8R73PG,/midtier/sablab/scratch/lem4012/data/abcd-data-hr/NDAR_INVJU8R73PG/preprocessed/rs_fc.pt
NDAR_INVJV3VFJD1,/midtier/sablab/scratch/lem4012/data/abcd-data-hr/NDAR_INVJV3VFJD1/preprocessed/rs_fc.pt
NDAR_INVJV9AMJB4,/midtier/sablab/scratch/lem4012/data/abcd-data-hr/NDAR_INVJV9AMJB4/preprocessed/rs_fc.pt
NDAR_INVJVK809ML,/midtier/sablab/scratch/lem4012/data/abcd-data-hr/NDAR_INVJVK809ML/preprocessed/rs_fc.pt
NDAR_INVJVWCML75,/midtier/sablab/scratch/lem4012/data/abcd-data-hr/NDAR_INVJVWCML75/preprocessed/rs_fc.pt
NDAR_INVJVYJW98X,/midtier/sablab/scratch/lem4012/data/abcd-data-hr/NDAR_INVJVYJW98X/preprocessed/rs_fc.pt
NDAR_INVJWC3VCH8,/midtier/sablab/scratch/lem4012/data/abcd-data-hr/NDAR_INVJWC3VCH8/preprocessed/rs_fc.pt
NDAR_INVJWKFKDJF,/midtier/sablab/scratch/lem4012/data/abcd-data-hr/NDAR_INVJWKFKDJF/preprocessed/rs_fc.pt
NDAR_INVJWT4V1DP,/midtier/sablab/scratch/lem4012/data/abcd-data-hr/NDAR_INVJWT4V1DP/preprocessed/rs_fc.pt
NDAR_INVJWVF7NPJ,/midtier/sablab/scratch/lem4012/data/abcd-data-hr/NDAR_INVJWVF7NPJ/preprocessed/rs_fc.pt
NDAR_INVJX8BERDK,/midtier/sablab/scratch/lem4012/data/abcd-data-hr/NDAR_INVJX8BERDK/preprocessed/rs_fc.pt
NDAR_INVJXNCXJ3W,/midtier/sablab/scratch/lem4012/data/abcd-data-hr/NDAR_INVJXNCXJ3W/preprocessed/rs_fc.pt
NDAR_INVJXUKE3JB,/midtier/sablab/scratch/lem4012/data/abcd-data-hr/NDAR_INVJXUKE3JB/preprocessed/rs_fc.pt
NDAR_INVJYXYG81D,/midtier/sablab/scratch/lem4012/data/abcd-data-hr/NDAR_INVJYXYG81D/preprocessed/rs_fc.pt
NDAR_INVJZ12514R,/midtier/sablab/scratch/lem4012/data/abcd-data-hr/NDAR_INVJZ12514R/preprocessed/rs_fc.pt
NDAR_INVJZ13P7PY,/midtier/sablab/scratch/lem4012/data/abcd-data-hr/NDAR_INVJZ13P7PY/preprocessed/rs_fc.pt
NDAR_INVJZRPKRLG,/midtier/sablab/scratch/lem4012/data/abcd-data-hr/NDAR_INVJZRPKRLG/preprocessed/rs_fc.pt
NDAR_INVK0LXC0U4,/midtier/sablab/scratch/lem4012/data/abcd-data-hr/NDAR_INVK0LXC0U4/preprocessed/rs_fc.pt
NDAR_INVK0U3PRRR,/midtier/sablab/scratch/lem4012/data/abcd-data-hr/NDAR_INVK0U3PRRR/preprocessed/rs_fc.pt
NDAR_INVK26MUJ57,/midtier/sablab/scratch/lem4012/data/abcd-data-hr/NDAR_INVK26MUJ57/preprocessed/rs_fc.pt
NDAR_INVK2KFJDG5,/midtier/sablab/scratch/lem4012/data/abcd-data-hr/NDAR_INVK2KFJDG5/preprocessed/rs_fc.pt
NDAR_INVK2YP6EN4,/midtier/sablab/scratch/lem4012/data/abcd-data-hr/NDAR_INVK2YP6EN4/preprocessed/rs_fc.pt
NDAR_INVK3DP06LU,/midtier/sablab/scratch/lem4012/data/abcd-data-hr/NDAR_INVK3DP06LU/preprocessed/rs_fc.pt
NDAR_INVK3K5DLKW,/midtier/sablab/scratch/lem4012/data/abcd-data-hr/NDAR_INVK3K5DLKW/preprocessed/rs_fc.pt
NDAR_INVK4JJ20YY,/midtier/sablab/scratch/lem4012/data/abcd-data-hr/NDAR_INVK4JJ20YY/preprocessed/rs_fc.pt
NDAR_INVK5GR7ZF4,/midtier/sablab/scratch/lem4012/data/abcd-data-hr/NDAR_INVK5GR7ZF4/preprocessed/rs_fc.pt
NDAR_INVK5JP23J6,/midtier/sablab/scratch/lem4012/data/abcd-data-hr/NDAR_INVK5JP23J6/preprocessed/rs_fc.pt
NDAR_INVK5PEZ25W,/midtier/sablab/scratch/lem4012/data/abcd-data-hr/NDAR_INVK5PEZ25W/preprocessed/rs_fc.pt
NDAR_INVK5WWNYVF,/midtier/sablab/scratch/lem4012/data/abcd-data-hr/NDAR_INVK5WWNYVF/preprocessed/rs_fc.pt
NDAR_INVK75DL4FA,/midtier/sablab/scratch/lem4012/data/abcd-data-hr/NDAR_INVK75DL4FA/preprocessed/rs_fc.pt
NDAR_INVK8CYP94F,/midtier/sablab/scratch/lem4012/data/abcd-data-hr/NDAR_INVK8CYP94F/preprocessed/rs_fc.pt
NDAR_INVK9A553B8,/midtier/sablab/scratch/lem4012/data/abcd-data-hr/NDAR_INVK9A553B8/preprocessed/rs_fc.pt
NDAR_INVK9DZW93Y,/midtier/sablab/scratch/lem4012/data/abcd-data-hr/NDAR_INVK9DZW93Y/preprocessed/rs_fc.pt
NDAR_INVK9E4206N,/midtier/sablab/scratch/lem4012/data/abcd-data-hr/NDAR_INVK9E4206N/preprocessed/rs_fc.pt
NDAR_INVKAKFCN21,/midtier/sablab/scratch/lem4012/data/abcd-data-hr/NDAR_INVKAKFCN21/preprocessed/rs_fc.pt
NDAR_INVKBBYPD24,/midtier/sablab/scratch/lem4012/data/abcd-data-hr/NDAR_INVKBBYPD24/preprocessed/rs_fc.pt
NDAR_INVKBGNJEVP,/midtier/sablab/scratch/lem4012/data/abcd-data-hr/NDAR_INVKBGNJEVP/preprocessed/rs_fc.pt
NDAR_INVKC1P8R4F,/midtier/sablab/scratch/lem4012/data/abcd-data-hr/NDAR_INVKC1P8R4F/preprocessed/rs_fc.pt
NDAR_INVKC4VTG9N,/midtier/sablab/scratch/lem4012/data/abcd-data-hr/NDAR_INVKC4VTG9N/preprocessed/rs_fc.pt
NDAR_INVKD35P0MA,/midtier/sablab/scratch/lem4012/data/abcd-data-hr/NDAR_INVKD35P0MA/preprocessed/rs_fc.pt
NDAR_INVKDGX17KZ,/midtier/sablab/scratch/lem4012/data/abcd-data-hr/NDAR_INVKDGX17KZ/preprocessed/rs_fc.pt
NDAR_INVKDR815ZJ,/midtier/sablab/scratch/lem4012/data/abcd-data-hr/NDAR_INVKDR815ZJ/preprocessed/rs_fc.pt
NDAR_INVKE2BKXMG,/midtier/sablab/scratch/lem4012/data/abcd-data-hr/NDAR_INVKE2BKXMG/preprocessed/rs_fc.pt
NDAR_INVKEP4C8W8,/midtier/sablab/scratch/lem4012/data/abcd-data-hr/NDAR_INVKEP4C8W8/preprocessed/rs_fc.pt
NDAR_INVKFNA5PDB,/midtier/sablab/scratch/lem4012/data/abcd-data-hr/NDAR_INVKFNA5PDB/preprocessed/rs_fc.pt
NDAR_INVKGN17CBU,/midtier/sablab/scratch/lem4012/data/abcd-data-hr/NDAR_INVKGN17CBU/preprocessed/rs_fc.pt
NDAR_INVKGU77A38,/midtier/sablab/scratch/lem4012/data/abcd-data-hr/NDAR_INVKGU77A38/preprocessed/rs_fc.pt
NDAR_INVKJWLWK8U,/midtier/sablab/scratch/lem4012/data/abcd-data-hr/NDAR_INVKJWLWK8U/preprocessed/rs_fc.pt
NDAR_INVKK8HT4H8,/midtier/sablab/scratch/lem4012/data/abcd-data-hr/NDAR_INVKK8HT4H8/preprocessed/rs_fc.pt
NDAR_INVKKBJMBLJ,/midtier/sablab/scratch/lem4012/data/abcd-data-hr/NDAR_INVKKBJMBLJ/preprocessed/rs_fc.pt
NDAR_INVKLGV3F8T,/midtier/sablab/scratch/lem4012/data/abcd-data-hr/NDAR_INVKLGV3F8T/preprocessed/rs_fc.pt
NDAR_INVKLLP08KA,/midtier/sablab/scratch/lem4012/data/abcd-data-hr/NDAR_INVKLLP08KA/preprocessed/rs_fc.pt
NDAR_INVKN0URLJE,/midtier/sablab/scratch/lem4012/data/abcd-data-hr/NDAR_INVKN0URLJE/preprocessed/rs_fc.pt
NDAR_INVKNFUZV4X,/midtier/sablab/scratch/lem4012/data/abcd-data-hr/NDAR_INVKNFUZV4X/preprocessed/rs_fc.pt
NDAR_INVKNRU5BYD,/midtier/sablab/scratch/lem4012/data/abcd-data-hr/NDAR_INVKNRU5BYD/preprocessed/rs_fc.pt
NDAR_INVKPF4GFHV,/midtier/sablab/scratch/lem4012/data/abcd-data-hr/NDAR_INVKPF4GFHV/preprocessed/rs_fc.pt
NDAR_INVKR1PVY4C,/midtier/sablab/scratch/lem4012/data/abcd-data-hr/NDAR_INVKR1PVY4C/preprocessed/rs_fc.pt
NDAR_INVKT39B7XP,/midtier/sablab/scratch/lem4012/data/abcd-data-hr/NDAR_INVKT39B7XP/preprocessed/rs_fc.pt
NDAR_INVKT59P3W3,/midtier/sablab/scratch/lem4012/data/abcd-data-hr/NDAR_INVKT59P3W3/preprocessed/rs_fc.pt
NDAR_INVKT8MVW3Z,/midtier/sablab/scratch/lem4012/data/abcd-data-hr/NDAR_INVKT8MVW3Z/preprocessed/rs_fc.pt
NDAR_INVKTEZYKCL,/midtier/sablab/scratch/lem4012/data/abcd-data-hr/NDAR_INVKTEZYKCL/preprocessed/rs_fc.pt
NDAR_INVKU1J9JFE,/midtier/sablab/scratch/lem4012/data/abcd-data-hr/NDAR_INVKU1J9JFE/preprocessed/rs_fc.pt
NDAR_INVKVGJL857,/midtier/sablab/scratch/lem4012/data/abcd-data-hr/NDAR_INVKVGJL857/preprocessed/rs_fc.pt
NDAR_INVKVV9NU2R,/midtier/sablab/scratch/lem4012/data/abcd-data-hr/NDAR_INVKVV9NU2R/preprocessed/rs_fc.pt
NDAR_INVKVVDP6EG,/midtier/sablab/scratch/lem4012/data/abcd-data-hr/NDAR_INVKVVDP6EG/preprocessed/rs_fc.pt
NDAR_INVKW02LRCP,/midtier/sablab/scratch/lem4012/data/abcd-data-hr/NDAR_INVKW02LRCP/preprocessed/rs_fc.pt
NDAR_INVKWBVX0UU,/midtier/sablab/scratch/lem4012/data/abcd-data-hr/NDAR_INVKWBVX0UU/preprocessed/rs_fc.pt
NDAR_INVKWG00F0U,/midtier/sablab/scratch/lem4012/data/abcd-data-hr/NDAR_INVKWG00F0U/preprocessed/rs_fc.pt
NDAR_INVKXFX6UM8,/midtier/sablab/scratch/lem4012/data/abcd-data-hr/NDAR_INVKXFX6UM8/preprocessed/rs_fc.pt
NDAR_INVKXJ9P10B,/midtier/sablab/scratch/lem4012/data/abcd-data-hr/NDAR_INVKXJ9P10B/preprocessed/rs_fc.pt
NDAR_INVKXX86222,/midtier/sablab/scratch/lem4012/data/abcd-data-hr/NDAR_INVKXX86222/preprocessed/rs_fc.pt
NDAR_INVKZ38RVXY,/midtier/sablab/scratch/lem4012/data/abcd-data-hr/NDAR_INVKZ38RVXY/preprocessed/rs_fc.pt
NDAR_INVKZBPXM31,/midtier/sablab/scratch/lem4012/data/abcd-data-hr/NDAR_INVKZBPXM31/preprocessed/rs_fc.pt
NDAR_INVKZDAJBD7,/midtier/sablab/scratch/lem4012/data/abcd-data-hr/NDAR_INVKZDAJBD7/preprocessed/rs_fc.pt
NDAR_INVKZW3CU83,/midtier/sablab/scratch/lem4012/data/abcd-data-hr/NDAR_INVKZW3CU83/preprocessed/rs_fc.pt
NDAR_INVL06P62BN,/midtier/sablab/scratch/lem4012/data/abcd-data-hr/NDAR_INVL06P62BN/preprocessed/rs_fc.pt
NDAR_INVL1RVKM6B,/midtier/sablab/scratch/lem4012/data/abcd-data-hr/NDAR_INVL1RVKM6B/preprocessed/rs_fc.pt
NDAR_INVL4GC8H34,/midtier/sablab/scratch/lem4012/data/abcd-data-hr/NDAR_INVL4GC8H34/preprocessed/rs_fc.pt
NDAR_INVL5CZ3KPZ,/midtier/sablab/scratch/lem4012/data/abcd-data-hr/NDAR_INVL5CZ3KPZ/preprocessed/rs_fc.pt
NDAR_INVL7XW6RBY,/midtier/sablab/scratch/lem4012/data/abcd-data-hr/NDAR_INVL7XW6RBY/preprocessed/rs_fc.pt
NDAR_INVL8EJK2VY,/midtier/sablab/scratch/lem4012/data/abcd-data-hr/NDAR_INVL8EJK2VY/preprocessed/rs_fc.pt
NDAR_INVL8KH6W61,/midtier/sablab/scratch/lem4012/data/abcd-data-hr/NDAR_INVL8KH6W61/preprocessed/rs_fc.pt
NDAR_INVL8MTLH03,/midtier/sablab/scratch/lem4012/data/abcd-data-hr/NDAR_INVL8MTLH03/preprocessed/rs_fc.pt
NDAR_INVL8PY2P4B,/midtier/sablab/scratch/lem4012/data/abcd-data-hr/NDAR_INVL8PY2P4B/preprocessed/rs_fc.pt
NDAR_INVL9M95R6P,/midtier/sablab/scratch/lem4012/data/abcd-data-hr/NDAR_INVL9M95R6P/preprocessed/rs_fc.pt
NDAR_INVLBB0TDL0,/midtier/sablab/scratch/lem4012/data/abcd-data-hr/NDAR_INVLBB0TDL0/preprocessed/rs_fc.pt
NDAR_INVLBWER7ME,/midtier/sablab/scratch/lem4012/data/abcd-data-hr/NDAR_INVLBWER7ME/preprocessed/rs_fc.pt
NDAR_INVLC0NRLKT,/midtier/sablab/scratch/lem4012/data/abcd-data-hr/NDAR_INVLC0NRLKT/preprocessed/rs_fc.pt
NDAR_INVLC0TC7LX,/midtier/sablab/scratch/lem4012/data/abcd-data-hr/NDAR_INVLC0TC7LX/preprocessed/rs_fc.pt
NDAR_INVLCBWCWVF,/midtier/sablab/scratch/lem4012/data/abcd-data-hr/NDAR_INVLCBWCWVF/preprocessed/rs_fc.pt
NDAR_INVLCEYDD0V,/midtier/sablab/scratch/lem4012/data/abcd-data-hr/NDAR_INVLCEYDD0V/preprocessed/rs_fc.pt
NDAR_INVLCYH9EDJ,/midtier/sablab/scratch/lem4012/data/abcd-data-hr/NDAR_INVLCYH9EDJ/preprocessed/rs_fc.pt
NDAR_INVLDDZENEG,/midtier/sablab/scratch/lem4012/data/abcd-data-hr/NDAR_INVLDDZENEG/preprocessed/rs_fc.pt
NDAR_INVLFE6F5NR,/midtier/sablab/scratch/lem4012/data/abcd-data-hr/NDAR_INVLFE6F5NR/preprocessed/rs_fc.pt
NDAR_INVLFTGDBYE,/midtier/sablab/scratch/lem4012/data/abcd-data-hr/NDAR_INVLFTGDBYE/preprocessed/rs_fc.pt
NDAR_INVLFU6DJV5,/midtier/sablab/scratch/lem4012/data/abcd-data-hr/NDAR_INVLFU6DJV5/preprocessed/rs_fc.pt
NDAR_INVLFZ94Y31,/midtier/sablab/scratch/lem4012/data/abcd-data-hr/NDAR_INVLFZ94Y31/preprocessed/rs_fc.pt
NDAR_INVLG46HHB0,/midtier/sablab/scratch/lem4012/data/abcd-data-hr/NDAR_INVLG46HHB0/preprocessed/rs_fc.pt
NDAR_INVLGZ21X0T,/midtier/sablab/scratch/lem4012/data/abcd-data-hr/NDAR_INVLGZ21X0T/preprocessed/rs_fc.pt
NDAR_INVLH5M1C12,/midtier/sablab/scratch/lem4012/data/abcd-data-hr/NDAR_INVLH5M1C12/preprocessed/rs_fc.pt
NDAR_INVLH8GZ09D,/midtier/sablab/scratch/lem4012/data/abcd-data-hr/NDAR_INVLH8GZ09D/preprocessed/rs_fc.pt
NDAR_INVLJ74B5M8,/midtier/sablab/scratch/lem4012/data/abcd-data-hr/NDAR_INVLJ74B5M8/preprocessed/rs_fc.pt
NDAR_INVLJ8PG03W,/midtier/sablab/scratch/lem4012/data/abcd-data-hr/NDAR_INVLJ8PG03W/preprocessed/rs_fc.pt
NDAR_INVLJ8VU64E,/midtier/sablab/scratch/lem4012/data/abcd-data-hr/NDAR_INVLJ8VU64E/preprocessed/rs_fc.pt
NDAR_INVLK1FNT2J,/midtier/sablab/scratch/lem4012/data/abcd-data-hr/NDAR_INVLK1FNT2J/preprocessed/rs_fc.pt
NDAR_INVLK2RXTA3,/midtier/sablab/scratch/lem4012/data/abcd-data-hr/NDAR_INVLK2RXTA3/preprocessed/rs_fc.pt
NDAR_INVLKNX6HF1,/midtier/sablab/scratch/lem4012/data/abcd-data-hr/NDAR_INVLKNX6HF1/preprocessed/rs_fc.pt
NDAR_INVLLUH8L20,/midtier/sablab/scratch/lem4012/data/abcd-data-hr/NDAR_INVLLUH8L20/preprocessed/rs_fc.pt
NDAR_INVLMME1BK2,/midtier/sablab/scratch/lem4012/data/abcd-data-hr/NDAR_INVLMME1BK2/preprocessed/rs_fc.pt
NDAR_INVLMXXGG4U,/midtier/sablab/scratch/lem4012/data/abcd-data-hr/NDAR_INVLMXXGG4U/preprocessed/rs_fc.pt
NDAR_INVLN7EJAJZ,/midtier/sablab/scratch/lem4012/data/abcd-data-hr/NDAR_INVLN7EJAJZ/preprocessed/rs_fc.pt
NDAR_INVLP8EN3JX,/midtier/sablab/scratch/lem4012/data/abcd-data-hr/NDAR_INVLP8EN3JX/preprocessed/rs_fc.pt
NDAR_INVLPY5VAXY,/midtier/sablab/scratch/lem4012/data/abcd-data-hr/NDAR_INVLPY5VAXY/preprocessed/rs_fc.pt
NDAR_INVLRTEWBMH,/midtier/sablab/scratch/lem4012/data/abcd-data-hr/NDAR_INVLRTEWBMH/preprocessed/rs_fc.pt
NDAR_INVLUZ9DL2U,/midtier/sablab/scratch/lem4012/data/abcd-data-hr/NDAR_INVLUZ9DL2U/preprocessed/rs_fc.pt
NDAR_INVLW127JFT,/midtier/sablab/scratch/lem4012/data/abcd-data-hr/NDAR_INVLW127JFT/preprocessed/rs_fc.pt
NDAR_INVLWDAW4KR,/midtier/sablab/scratch/lem4012/data/abcd-data-hr/NDAR_INVLWDAW4KR/preprocessed/rs_fc.pt
NDAR_INVLWR6LC0N,/midtier/sablab/scratch/lem4012/data/abcd-data-hr/NDAR_INVLWR6LC0N/preprocessed/rs_fc.pt
NDAR_INVLWZ02AMC,/midtier/sablab/scratch/lem4012/data/abcd-data-hr/NDAR_INVLWZ02AMC/preprocessed/rs_fc.pt
NDAR_INVLX09YB8N,/midtier/sablab/scratch/lem4012/data/abcd-data-hr/NDAR_INVLX09YB8N/preprocessed/rs_fc.pt
NDAR_INVLX8DTG4D,/midtier/sablab/scratch/lem4012/data/abcd-data-hr/NDAR_INVLX8DTG4D/preprocessed/rs_fc.pt
NDAR_INVLXAZHZFG,/midtier/sablab/scratch/lem4012/data/abcd-data-hr/NDAR_INVLXAZHZFG/preprocessed/rs_fc.pt
NDAR_INVLXDEDXFV,/midtier/sablab/scratch/lem4012/data/abcd-data-hr/NDAR_INVLXDEDXFV/preprocessed/rs_fc.pt
NDAR_INVLXWDWVR4,/midtier/sablab/scratch/lem4012/data/abcd-data-hr/NDAR_INVLXWDWVR4/preprocessed/rs_fc.pt
NDAR_INVLXZ3RPWB,/midtier/sablab/scratch/lem4012/data/abcd-data-hr/NDAR_INVLXZ3RPWB/preprocessed/rs_fc.pt
NDAR_INVLY0ZDHGV,/midtier/sablab/scratch/lem4012/data/abcd-data-hr/NDAR_INVLY0ZDHGV/preprocessed/rs_fc.pt
NDAR_INVLZ7V99WZ,/midtier/sablab/scratch/lem4012/data/abcd-data-hr/NDAR_INVLZ7V99WZ/preprocessed/rs_fc.pt
NDAR_INVLZ97FPMY,/midtier/sablab/scratch/lem4012/data/abcd-data-hr/NDAR_INVLZ97FPMY/preprocessed/rs_fc.pt
NDAR_INVLZEPNXZU,/midtier/sablab/scratch/lem4012/data/abcd-data-hr/NDAR_INVLZEPNXZU/preprocessed/rs_fc.pt
NDAR_INVLZFBLRXR,/midtier/sablab/scratch/lem4012/data/abcd-data-hr/NDAR_INVLZFBLRXR/preprocessed/rs_fc.pt
NDAR_INVLZRHC6A5,/midtier/sablab/scratch/lem4012/data/abcd-data-hr/NDAR_INVLZRHC6A5/preprocessed/rs_fc.pt
NDAR_INVM05MNA24,/midtier/sablab/scratch/lem4012/data/abcd-data-hr/NDAR_INVM05MNA24/preprocessed/rs_fc.pt
NDAR_INVM11AJZ2A,/midtier/sablab/scratch/lem4012/data/abcd-data-hr/NDAR_INVM11AJZ2A/preprocessed/rs_fc.pt
NDAR_INVM1X8ZZTN,/midtier/sablab/scratch/lem4012/data/abcd-data-hr/NDAR_INVM1X8ZZTN/preprocessed/rs_fc.pt
NDAR_INVM26N3JT3,/midtier/sablab/scratch/lem4012/data/abcd-data-hr/NDAR_INVM26N3JT3/preprocessed/rs_fc.pt
NDAR_INVM2MEJBDH,/midtier/sablab/scratch/lem4012/data/abcd-data-hr/NDAR_INVM2MEJBDH/preprocessed/rs_fc.pt
NDAR_INVM2MMLG2V,/midtier/sablab/scratch/lem4012/data/abcd-data-hr/NDAR_INVM2MMLG2V/preprocessed/rs_fc.pt
NDAR_INVM2R7LWZ1,/midtier/sablab/scratch/lem4012/data/abcd-data-hr/NDAR_INVM2R7LWZ1/preprocessed/rs_fc.pt
NDAR_INVM3JM9ARN,/midtier/sablab/scratch/lem4012/data/abcd-data-hr/NDAR_INVM3JM9ARN/preprocessed/rs_fc.pt
NDAR_INVM3VWCXNN,/midtier/sablab/scratch/lem4012/data/abcd-data-hr/NDAR_INVM3VWCXNN/preprocessed/rs_fc.pt
NDAR_INVM53DBA1M,/midtier/sablab/scratch/lem4012/data/abcd-data-hr/NDAR_INVM53DBA1M/preprocessed/rs_fc.pt
NDAR_INVM5M4VXYD,/midtier/sablab/scratch/lem4012/data/abcd-data-hr/NDAR_INVM5M4VXYD/preprocessed/rs_fc.pt
NDAR_INVM6781J8F,/midtier/sablab/scratch/lem4012/data/abcd-data-hr/NDAR_INVM6781J8F/preprocessed/rs_fc.pt
NDAR_INVM6J02DZA,/midtier/sablab/scratch/lem4012/data/abcd-data-hr/NDAR_INVM6J02DZA/preprocessed/rs_fc.pt
NDAR_INVM6LNBP2L,/midtier/sablab/scratch/lem4012/data/abcd-data-hr/NDAR_INVM6LNBP2L/preprocessed/rs_fc.pt
NDAR_INVM7B2FF2Y,/midtier/sablab/scratch/lem4012/data/abcd-data-hr/NDAR_INVM7B2FF2Y/preprocessed/rs_fc.pt
NDAR_INVM7YD6387,/midtier/sablab/scratch/lem4012/data/abcd-data-hr/NDAR_INVM7YD6387/preprocessed/rs_fc.pt
NDAR_INVM826RRL7,/midtier/sablab/scratch/lem4012/data/abcd-data-hr/NDAR_INVM826RRL7/preprocessed/rs_fc.pt
NDAR_INVM862T2XJ,/midtier/sablab/scratch/lem4012/data/abcd-data-hr/NDAR_INVM862T2XJ/preprocessed/rs_fc.pt
NDAR_INVM889LV1R,/midtier/sablab/scratch/lem4012/data/abcd-data-hr/NDAR_INVM889LV1R/preprocessed/rs_fc.pt
NDAR_INVM8P79888,/midtier/sablab/scratch/lem4012/data/abcd-data-hr/NDAR_INVM8P79888/preprocessed/rs_fc.pt
NDAR_INVM8YJ4H0V,/midtier/sablab/scratch/lem4012/data/abcd-data-hr/NDAR_INVM8YJ4H0V/preprocessed/rs_fc.pt
NDAR_INVMCMXCP5T,/midtier/sablab/scratch/lem4012/data/abcd-data-hr/NDAR_INVMCMXCP5T/preprocessed/rs_fc.pt
NDAR_INVMF445X55,/midtier/sablab/scratch/lem4012/data/abcd-data-hr/NDAR_INVMF445X55/preprocessed/rs_fc.pt
NDAR_INVMF4B9XWV,/midtier/sablab/scratch/lem4012/data/abcd-data-hr/NDAR_INVMF4B9XWV/preprocessed/rs_fc.pt
NDAR_INVMF6NM996,/midtier/sablab/scratch/lem4012/data/abcd-data-hr/NDAR_INVMF6NM996/preprocessed/rs_fc.pt
NDAR_INVMFHTK0W6,/midtier/sablab/scratch/lem4012/data/abcd-data-hr/NDAR_INVMFHTK0W6/preprocessed/rs_fc.pt
NDAR_INVMFMZ8KKG,/midtier/sablab/scratch/lem4012/data/abcd-data-hr/NDAR_INVMFMZ8KKG/preprocessed/rs_fc.pt
NDAR_INVMFVA1BZF,/midtier/sablab/scratch/lem4012/data/abcd-data-hr/NDAR_INVMFVA1BZF/preprocessed/rs_fc.pt
NDAR_INVMGJNC1PY,/midtier/sablab/scratch/lem4012/data/abcd-data-hr/NDAR_INVMGJNC1PY/preprocessed/rs_fc.pt
NDAR_INVMHJ04F4G,/midtier/sablab/scratch/lem4012/data/abcd-data-hr/NDAR_INVMHJ04F4G/preprocessed/rs_fc.pt
NDAR_INVMKC6DKGG,/midtier/sablab/scratch/lem4012/data/abcd-data-hr/NDAR_INVMKC6DKGG/preprocessed/rs_fc.pt
NDAR_INVMKJWRTG8,/midtier/sablab/scratch/lem4012/data/abcd-data-hr/NDAR_INVMKJWRTG8/preprocessed/rs_fc.pt
NDAR_INVMKPVUMW3,/midtier/sablab/scratch/lem4012/data/abcd-data-hr/NDAR_INVMKPVUMW3/preprocessed/rs_fc.pt
NDAR_INVML6ZF1HE,/midtier/sablab/scratch/lem4012/data/abcd-data-hr/NDAR_INVML6ZF1HE/preprocessed/rs_fc.pt
NDAR_INVMLFXUXUL,/midtier/sablab/scratch/lem4012/data/abcd-data-hr/NDAR_INVMLFXUXUL/preprocessed/rs_fc.pt
NDAR_INVMMLVDCJH,/midtier/sablab/scratch/lem4012/data/abcd-data-hr/NDAR_INVMMLVDCJH/preprocessed/rs_fc.pt
NDAR_INVMMRPRU94,/midtier/sablab/scratch/lem4012/data/abcd-data-hr/NDAR_INVMMRPRU94/preprocessed/rs_fc.pt
NDAR_INVMMY60CD5,/midtier/sablab/scratch/lem4012/data/abcd-data-hr/NDAR_INVMMY60CD5/preprocessed/rs_fc.pt
NDAR_INVMN4MAMYN,/midtier/sablab/scratch/lem4012/data/abcd-data-hr/NDAR_INVMN4MAMYN/preprocessed/rs_fc.pt
NDAR_INVMN57ZM5A,/midtier/sablab/scratch/lem4012/data/abcd-data-hr/NDAR_INVMN57ZM5A/preprocessed/rs_fc.pt
NDAR_INVMP1NHUFC,/midtier/sablab/scratch/lem4012/data/abcd-data-hr/NDAR_INVMP1NHUFC/preprocessed/rs_fc.pt
NDAR_INVMTJ6URWD,/midtier/sablab/scratch/lem4012/data/abcd-data-hr/NDAR_INVMTJ6URWD/preprocessed/rs_fc.pt
NDAR_INVMV3VPRF1,/midtier/sablab/scratch/lem4012/data/abcd-data-hr/NDAR_INVMV3VPRF1/preprocessed/rs_fc.pt
NDAR_INVMVNAVW2R,/midtier/sablab/scratch/lem4012/data/abcd-data-hr/NDAR_INVMVNAVW2R/preprocessed/rs_fc.pt
NDAR_INVMVT25ECP,/midtier/sablab/scratch/lem4012/data/abcd-data-hr/NDAR_INVMVT25ECP/preprocessed/rs_fc.pt
NDAR_INVMWCVEXRK,/midtier/sablab/scratch/lem4012/data/abcd-data-hr/NDAR_INVMWCVEXRK/preprocessed/rs_fc.pt
NDAR_INVMWH0MZFX,/midtier/sablab/scratch/lem4012/data/abcd-data-hr/NDAR_INVMWH0MZFX/preprocessed/rs_fc.pt
NDAR_INVMWHAGKYU,/midtier/sablab/scratch/lem4012/data/abcd-data-hr/NDAR_INVMWHAGKYU/preprocessed/rs_fc.pt
NDAR_INVMWHKBMT0,/midtier/sablab/scratch/lem4012/data/abcd-data-hr/NDAR_INVMWHKBMT0/preprocessed/rs_fc.pt
NDAR_INVMWY2AZNP,/midtier/sablab/scratch/lem4012/data/abcd-data-hr/NDAR_INVMWY2AZNP/preprocessed/rs_fc.pt
NDAR_INVMXGF4JT5,/midtier/sablab/scratch/lem4012/data/abcd-data-hr/NDAR_INVMXGF4JT5/preprocessed/rs_fc.pt
NDAR_INVMXWW79G0,/midtier/sablab/scratch/lem4012/data/abcd-data-hr/NDAR_INVMXWW79G0/preprocessed/rs_fc.pt
NDAR_INVMXZ3JJ2G,/midtier/sablab/scratch/lem4012/data/abcd-data-hr/NDAR_INVMXZ3JJ2G/preprocessed/rs_fc.pt
NDAR_INVMY85AAAM,/midtier/sablab/scratch/lem4012/data/abcd-data-hr/NDAR_INVMY85AAAM/preprocessed/rs_fc.pt
NDAR_INVMYBT9KJV,/midtier/sablab/scratch/lem4012/data/abcd-data-hr/NDAR_INVMYBT9KJV/preprocessed/rs_fc.pt
NDAR_INVMYUC7TV1,/midtier/sablab/scratch/lem4012/data/abcd-data-hr/NDAR_INVMYUC7TV1/preprocessed/rs_fc.pt
NDAR_INVMYUETYD2,/midtier/sablab/scratch/lem4012/data/abcd-data-hr/NDAR_INVMYUETYD2/preprocessed/rs_fc.pt
NDAR_INVMZ82F8YP,/midtier/sablab/scratch/lem4012/data/abcd-data-hr/NDAR_INVMZ82F8YP/preprocessed/rs_fc.pt
NDAR_INVMZLYE6WZ,/midtier/sablab/scratch/lem4012/data/abcd-data-hr/NDAR_INVMZLYE6WZ/preprocessed/rs_fc.pt
NDAR_INVN02TDMZM,/midtier/sablab/scratch/lem4012/data/abcd-data-hr/NDAR_INVN02TDMZM/preprocessed/rs_fc.pt
NDAR_INVN070J1H4,/midtier/sablab/scratch/lem4012/data/abcd-data-hr/NDAR_INVN070J1H4/preprocessed/rs_fc.pt
NDAR_INVN0T52ZWL,/midtier/sablab/scratch/lem4012/data/abcd-data-hr/NDAR_INVN0T52ZWL/preprocessed/rs_fc.pt
NDAR_INVN160DMUM,/midtier/sablab/scratch/lem4012/data/abcd-data-hr/NDAR_INVN160DMUM/preprocessed/rs_fc.pt
NDAR_INVN1VEBNHP,/midtier/sablab/scratch/lem4012/data/abcd-data-hr/NDAR_INVN1VEBNHP/preprocessed/rs_fc.pt
NDAR_INVN1YJZK64,/midtier/sablab/scratch/lem4012/data/abcd-data-hr/NDAR_INVN1YJZK64/preprocessed/rs_fc.pt
NDAR_INVN2CM6UDZ,/midtier/sablab/scratch/lem4012/data/abcd-data-hr/NDAR_INVN2CM6UDZ/preprocessed/rs_fc.pt
NDAR_INVN2HBFMWK,/midtier/sablab/scratch/lem4012/data/abcd-data-hr/NDAR_INVN2HBFMWK/preprocessed/rs_fc.pt
NDAR_INVN2RB0FR4,/midtier/sablab/scratch/lem4012/data/abcd-data-hr/NDAR_INVN2RB0FR4/preprocessed/rs_fc.pt
NDAR_INVN52TVLYF,/midtier/sablab/scratch/lem4012/data/abcd-data-hr/NDAR_INVN52TVLYF/preprocessed/rs_fc.pt
NDAR_INVN5BUFTWL,/midtier/sablab/scratch/lem4012/data/abcd-data-hr/NDAR_INVN5BUFTWL/preprocessed/rs_fc.pt
NDAR_INVN5HX249Z,/midtier/sablab/scratch/lem4012/data/abcd-data-hr/NDAR_INVN5HX249Z/preprocessed/rs_fc.pt
NDAR_INVN6D2HAYA,/midtier/sablab/scratch/lem4012/data/abcd-data-hr/NDAR_INVN6D2HAYA/preprocessed/rs_fc.pt
NDAR_INVN6F1W041,/midtier/sablab/scratch/lem4012/data/abcd-data-hr/NDAR_INVN6F1W041/preprocessed/rs_fc.pt
NDAR_INVND1UG4ZP,/midtier/sablab/scratch/lem4012/data/abcd-data-hr/NDAR_INVND1UG4ZP/preprocessed/rs_fc.pt
NDAR_INVND5XWHDF,/midtier/sablab/scratch/lem4012/data/abcd-data-hr/NDAR_INVND5XWHDF/preprocessed/rs_fc.pt
NDAR_INVNDF1FD44,/midtier/sablab/scratch/lem4012/data/abcd-data-hr/NDAR_INVNDF1FD44/preprocessed/rs_fc.pt
NDAR_INVNEPC9JXH,/midtier/sablab/scratch/lem4012/data/abcd-data-hr/NDAR_INVNEPC9JXH/preprocessed/rs_fc.pt
NDAR_INVNER12NXX,/midtier/sablab/scratch/lem4012/data/abcd-data-hr/NDAR_INVNER12NXX/preprocessed/rs_fc.pt
NDAR_INVNFBP257T,/midtier/sablab/scratch/lem4012/data/abcd-data-hr/NDAR_INVNFBP257T/preprocessed/rs_fc.pt
NDAR_INVNGJJTJJD,/midtier/sablab/scratch/lem4012/data/abcd-data-hr/NDAR_INVNGJJTJJD/preprocessed/rs_fc.pt
NDAR_INVNHW5VBD8,/midtier/sablab/scratch/lem4012/data/abcd-data-hr/NDAR_INVNHW5VBD8/preprocessed/rs_fc.pt
NDAR_INVNJA6E3NT,/midtier/sablab/scratch/lem4012/data/abcd-data-hr/NDAR_INVNJA6E3NT/preprocessed/rs_fc.pt
NDAR_INVNJUFTFPL,/midtier/sablab/scratch/lem4012/data/abcd-data-hr/NDAR_INVNJUFTFPL/preprocessed/rs_fc.pt
NDAR_INVNJZ90LJV,/midtier/sablab/scratch/lem4012/data/abcd-data-hr/NDAR_INVNJZ90LJV/preprocessed/rs_fc.pt
NDAR_INVNK028N92,/midtier/sablab/scratch/lem4012/data/abcd-data-hr/NDAR_INVNK028N92/preprocessed/rs_fc.pt
NDAR_INVNKL9ZDUT,/midtier/sablab/scratch/lem4012/data/abcd-data-hr/NDAR_INVNKL9ZDUT/preprocessed/rs_fc.pt
NDAR_INVNLHKGHPB,/midtier/sablab/scratch/lem4012/data/abcd-data-hr/NDAR_INVNLHKGHPB/preprocessed/rs_fc.pt
NDAR_INVNLN4DGBT,/midtier/sablab/scratch/lem4012/data/abcd-data-hr/NDAR_INVNLN4DGBT/preprocessed/rs_fc.pt
NDAR_INVNM81RNFR,/midtier/sablab/scratch/lem4012/data/abcd-data-hr/NDAR_INVNM81RNFR/preprocessed/rs_fc.pt
NDAR_INVNMRZ1KX9,/midtier/sablab/scratch/lem4012/data/abcd-data-hr/NDAR_INVNMRZ1KX9/preprocessed/rs_fc.pt
NDAR_INVNNZDV7GK,/midtier/sablab/scratch/lem4012/data/abcd-data-hr/NDAR_INVNNZDV7GK/preprocessed/rs_fc.pt
NDAR_INVNP4AJ4XW,/midtier/sablab/scratch/lem4012/data/abcd-data-hr/NDAR_INVNP4AJ4XW/preprocessed/rs_fc.pt
NDAR_INVNPNAGWRF,/midtier/sablab/scratch/lem4012/data/abcd-data-hr/NDAR_INVNPNAGWRF/preprocessed/rs_fc.pt
NDAR_INVNPUYJZV2,/midtier/sablab/scratch/lem4012/data/abcd-data-hr/NDAR_INVNPUYJZV2/preprocessed/rs_fc.pt
NDAR_INVNR53UYUX,/midtier/sablab/scratch/lem4012/data/abcd-data-hr/NDAR_INVNR53UYUX/preprocessed/rs_fc.pt
NDAR_INVNRDK253J,/midtier/sablab/scratch/lem4012/data/abcd-data-hr/NDAR_INVNRDK253J/preprocessed/rs_fc.pt
NDAR_INVNTK7UH4C,/midtier/sablab/scratch/lem4012/data/abcd-data-hr/NDAR_INVNTK7UH4C/preprocessed/rs_fc.pt
NDAR_INVNUNMDE7M,/midtier/sablab/scratch/lem4012/data/abcd-data-hr/NDAR_INVNUNMDE7M/preprocessed/rs_fc.pt
NDAR_INVNV27DF2W,/midtier/sablab/scratch/lem4012/data/abcd-data-hr/NDAR_INVNV27DF2W/preprocessed/rs_fc.pt
NDAR_INVNVZEHYV5,/midtier/sablab/scratch/lem4012/data/abcd-data-hr/NDAR_INVNVZEHYV5/preprocessed/rs_fc.pt
NDAR_INVNW7JFAN8,/midtier/sablab/scratch/lem4012/data/abcd-data-hr/NDAR_INVNW7JFAN8/preprocessed/rs_fc.pt
NDAR_INVNWMRHTJT,/midtier/sablab/scratch/lem4012/data/abcd-data-hr/NDAR_INVNWMRHTJT/preprocessed/rs_fc.pt
NDAR_INVNXL6MCVD,/midtier/sablab/scratch/lem4012/data/abcd-data-hr/NDAR_INVNXL6MCVD/preprocessed/rs_fc.pt
NDAR_INVNXWTX9VX,/midtier/sablab/scratch/lem4012/data/abcd-data-hr/NDAR_INVNXWTX9VX/preprocessed/rs_fc.pt
NDAR_INVNYP48E8M,/midtier/sablab/scratch/lem4012/data/abcd-data-hr/NDAR_INVNYP48E8M/preprocessed/rs_fc.pt
NDAR_INVP0JX713M,/midtier/sablab/scratch/lem4012/data/abcd-data-hr/NDAR_INVP0JX713M/preprocessed/rs_fc.pt
NDAR_INVP1VHW53K,/midtier/sablab/scratch/lem4012/data/abcd-data-hr/NDAR_INVP1VHW53K/preprocessed/rs_fc.pt
NDAR_INVP32CZKYP,/midtier/sablab/scratch/lem4012/data/abcd-data-hr/NDAR_INVP32CZKYP/preprocessed/rs_fc.pt
NDAR_INVP3NFD934,/midtier/sablab/scratch/lem4012/data/abcd-data-hr/NDAR_INVP3NFD934/preprocessed/rs_fc.pt
NDAR_INVP47A7DPL,/midtier/sablab/scratch/lem4012/data/abcd-data-hr/NDAR_INVP47A7DPL/preprocessed/rs_fc.pt
NDAR_INVP4RP5HAP,/midtier/sablab/scratch/lem4012/data/abcd-data-hr/NDAR_INVP4RP5HAP/preprocessed/rs_fc.pt
NDAR_INVP4UTAP8V,/midtier/sablab/scratch/lem4012/data/abcd-data-hr/NDAR_INVP4UTAP8V/preprocessed/rs_fc.pt
NDAR_INVP4YPBFFH,/midtier/sablab/scratch/lem4012/data/abcd-data-hr/NDAR_INVP4YPBFFH/preprocessed/rs_fc.pt
NDAR_INVP55M5T0X,/midtier/sablab/scratch/lem4012/data/abcd-data-hr/NDAR_INVP55M5T0X/preprocessed/rs_fc.pt
NDAR_INVP5A0M52P,/midtier/sablab/scratch/lem4012/data/abcd-data-hr/NDAR_INVP5A0M52P/preprocessed/rs_fc.pt
NDAR_INVP5BX14J7,/midtier/sablab/scratch/lem4012/data/abcd-data-hr/NDAR_INVP5BX14J7/preprocessed/rs_fc.pt
NDAR_INVP5GR1HMP,/midtier/sablab/scratch/lem4012/data/abcd-data-hr/NDAR_INVP5GR1HMP/preprocessed/rs_fc.pt
NDAR_INVP5YNWP3D,/midtier/sablab/scratch/lem4012/data/abcd-data-hr/NDAR_INVP5YNWP3D/preprocessed/rs_fc.pt
NDAR_INVP68163M4,/midtier/sablab/scratch/lem4012/data/abcd-data-hr/NDAR_INVP68163M4/preprocessed/rs_fc.pt
NDAR_INVP6EV2WUA,/midtier/sablab/scratch/lem4012/data/abcd-data-hr/NDAR_INVP6EV2WUA/preprocessed/rs_fc.pt
NDAR_INVP6YMTHPY,/midtier/sablab/scratch/lem4012/data/abcd-data-hr/NDAR_INVP6YMTHPY/preprocessed/rs_fc.pt
NDAR_INVP6ZT1BJE,/midtier/sablab/scratch/lem4012/data/abcd-data-hr/NDAR_INVP6ZT1BJE/preprocessed/rs_fc.pt
NDAR_INVP74XG4NJ,/midtier/sablab/scratch/lem4012/data/abcd-data-hr/NDAR_INVP74XG4NJ/preprocessed/rs_fc.pt
NDAR_INVP7NCC1J0,/midtier/sablab/scratch/lem4012/data/abcd-data-hr/NDAR_INVP7NCC1J0/preprocessed/rs_fc.pt
NDAR_INVP8CFEA4E,/midtier/sablab/scratch/lem4012/data/abcd-data-hr/NDAR_INVP8CFEA4E/preprocessed/rs_fc.pt
NDAR_INVP93WF83K,/midtier/sablab/scratch/lem4012/data/abcd-data-hr/NDAR_INVP93WF83K/preprocessed/rs_fc.pt
NDAR_INVPAT718Y8,/midtier/sablab/scratch/lem4012/data/abcd-data-hr/NDAR_INVPAT718Y8/preprocessed/rs_fc.pt
NDAR_INVPATH0UC3,/midtier/sablab/scratch/lem4012/data/abcd-data-hr/NDAR_INVPATH0UC3/preprocessed/rs_fc.pt
NDAR_INVPBXK8FNA,/midtier/sablab/scratch/lem4012/data/abcd-data-hr/NDAR_INVPBXK8FNA/preprocessed/rs_fc.pt
NDAR_INVPC72NTBK,/midtier/sablab/scratch/lem4012/data/abcd-data-hr/NDAR_INVPC72NTBK/preprocessed/rs_fc.pt
NDAR_INVPC925RZE,/midtier/sablab/scratch/lem4012/data/abcd-data-hr/NDAR_INVPC925RZE/preprocessed/rs_fc.pt
NDAR_INVPCBB86LH,/midtier/sablab/scratch/lem4012/data/abcd-data-hr/NDAR_INVPCBB86LH/preprocessed/rs_fc.pt
NDAR_INVPCCWYX33,/midtier/sablab/scratch/lem4012/data/abcd-data-hr/NDAR_INVPCCWYX33/preprocessed/rs_fc.pt
NDAR_INVPCCYREP8,/midtier/sablab/scratch/lem4012/data/abcd-data-hr/NDAR_INVPCCYREP8/preprocessed/rs_fc.pt
NDAR_INVPCH8JM5B,/midtier/sablab/scratch/lem4012/data/abcd-data-hr/NDAR_INVPCH8JM5B/preprocessed/rs_fc.pt
NDAR_INVPCULUWVC,/midtier/sablab/scratch/lem4012/data/abcd-data-hr/NDAR_INVPCULUWVC/preprocessed/rs_fc.pt
NDAR_INVPDTCVTVC,/midtier/sablab/scratch/lem4012/data/abcd-data-hr/NDAR_INVPDTCVTVC/preprocessed/rs_fc.pt
NDAR_INVPDUBZC3E,/midtier/sablab/scratch/lem4012/data/abcd-data-hr/NDAR_INVPDUBZC3E/preprocessed/rs_fc.pt
NDAR_INVPDW73ZHF,/midtier/sablab/scratch/lem4012/data/abcd-data-hr/NDAR_INVPDW73ZHF/preprocessed/rs_fc.pt
NDAR_INVPE6W1Y3P,/midtier/sablab/scratch/lem4012/data/abcd-data-hr/NDAR_INVPE6W1Y3P/preprocessed/rs_fc.pt
NDAR_INVPF0N5FWX,/midtier/sablab/scratch/lem4012/data/abcd-data-hr/NDAR_INVPF0N5FWX/preprocessed/rs_fc.pt
NDAR_INVPFK4E6YP,/midtier/sablab/scratch/lem4012/data/abcd-data-hr/NDAR_INVPFK4E6YP/preprocessed/rs_fc.pt
NDAR_INVPH3LCEGR,/midtier/sablab/scratch/lem4012/data/abcd-data-hr/NDAR_INVPH3LCEGR/preprocessed/rs_fc.pt
NDAR_INVPH4BZ3KW,/midtier/sablab/scratch/lem4012/data/abcd-data-hr/NDAR_INVPH4BZ3KW/preprocessed/rs_fc.pt
NDAR_INVPH84UZAC,/midtier/sablab/scratch/lem4012/data/abcd-data-hr/NDAR_INVPH84UZAC/preprocessed/rs_fc.pt
NDAR_INVPHDJPYND,/midtier/sablab/scratch/lem4012/data/abcd-data-hr/NDAR_INVPHDJPYND/preprocessed/rs_fc.pt
NDAR_INVPHGUNDL7,/midtier/sablab/scratch/lem4012/data/abcd-data-hr/NDAR_INVPHGUNDL7/preprocessed/rs_fc.pt
NDAR_INVPHWBVRBU,/midtier/sablab/scratch/lem4012/data/abcd-data-hr/NDAR_INVPHWBVRBU/preprocessed/rs_fc.pt
NDAR_INVPJ80XL8H,/midtier/sablab/scratch/lem4012/data/abcd-data-hr/NDAR_INVPJ80XL8H/preprocessed/rs_fc.pt
NDAR_INVPJWETA8W,/midtier/sablab/scratch/lem4012/data/abcd-data-hr/NDAR_INVPJWETA8W/preprocessed/rs_fc.pt
NDAR_INVPKGZ9380,/midtier/sablab/scratch/lem4012/data/abcd-data-hr/NDAR_INVPKGZ9380/preprocessed/rs_fc.pt
NDAR_INVPKK4CED4,/midtier/sablab/scratch/lem4012/data/abcd-data-hr/NDAR_INVPKK4CED4/preprocessed/rs_fc.pt
NDAR_INVPKXLA8CU,/midtier/sablab/scratch/lem4012/data/abcd-data-hr/NDAR_INVPKXLA8CU/preprocessed/rs_fc.pt
NDAR_INVPM21LPZT,/midtier/sablab/scratch/lem4012/data/abcd-data-hr/NDAR_INVPM21LPZT/preprocessed/rs_fc.pt
NDAR_INVPMHGZU3M,/midtier/sablab/scratch/lem4012/data/abcd-data-hr/NDAR_INVPMHGZU3M/preprocessed/rs_fc.pt
NDAR_INVPPGVEPWW,/midtier/sablab/scratch/lem4012/data/abcd-data-hr/NDAR_INVPPGVEPWW/preprocessed/rs_fc.pt
NDAR_INVPPTGWLKJ,/midtier/sablab/scratch/lem4012/data/abcd-data-hr/NDAR_INVPPTGWLKJ/preprocessed/rs_fc.pt
NDAR_INVPR6CBWP9,/midtier/sablab/scratch/lem4012/data/abcd-data-hr/NDAR_INVPR6CBWP9/preprocessed/rs_fc.pt
NDAR_INVPRDYVE4C,/midtier/sablab/scratch/lem4012/data/abcd-data-hr/NDAR_INVPRDYVE4C/preprocessed/rs_fc.pt
NDAR_INVPRLTKVRN,/midtier/sablab/scratch/lem4012/data/abcd-data-hr/NDAR_INVPRLTKVRN/preprocessed/rs_fc.pt
NDAR_INVPRX26ZJ6,/midtier/sablab/scratch/lem4012/data/abcd-data-hr/NDAR_INVPRX26ZJ6/preprocessed/rs_fc.pt
NDAR_INVPTK9T3R5,/midtier/sablab/scratch/lem4012/data/abcd-data-hr/NDAR_INVPTK9T3R5/preprocessed/rs_fc.pt
NDAR_INVPUKB7WJ3,/midtier/sablab/scratch/lem4012/data/abcd-data-hr/NDAR_INVPUKB7WJ3/preprocessed/rs_fc.pt
NDAR_INVPUT0KYA5,/midtier/sablab/scratch/lem4012/data/abcd-data-hr/NDAR_INVPUT0KYA5/preprocessed/rs_fc.pt
NDAR_INVPVT0X3NH,/midtier/sablab/scratch/lem4012/data/abcd-data-hr/NDAR_INVPVT0X3NH/preprocessed/rs_fc.pt
NDAR_INVPWY97N4C,/midtier/sablab/scratch/lem4012/data/abcd-data-hr/NDAR_INVPWY97N4C/preprocessed/rs_fc.pt
NDAR_INVPX8C7W65,/midtier/sablab/scratch/lem4012/data/abcd-data-hr/NDAR_INVPX8C7W65/preprocessed/rs_fc.pt
NDAR_INVPXF7PDPX,/midtier/sablab/scratch/lem4012/data/abcd-data-hr/NDAR_INVPXF7PDPX/preprocessed/rs_fc.pt
NDAR_INVPXNFBFY9,/midtier/sablab/scratch/lem4012/data/abcd-data-hr/NDAR_INVPXNFBFY9/preprocessed/rs_fc.pt
NDAR_INVPXUVDWE2,/midtier/sablab/scratch/lem4012/data/abcd-data-hr/NDAR_INVPXUVDWE2/preprocessed/rs_fc.pt
NDAR_INVPZAWPXFB,/midtier/sablab/scratch/lem4012/data/abcd-data-hr/NDAR_INVPZAWPXFB/preprocessed/rs_fc.pt
NDAR_INVR0J4APPX,/midtier/sablab/scratch/lem4012/data/abcd-data-hr/NDAR_INVR0J4APPX/preprocessed/rs_fc.pt
NDAR_INVR0Y04BAJ,/midtier/sablab/scratch/lem4012/data/abcd-data-hr/NDAR_INVR0Y04BAJ/preprocessed/rs_fc.pt
NDAR_INVR1KT1MAU,/midtier/sablab/scratch/lem4012/data/abcd-data-hr/NDAR_INVR1KT1MAU/preprocessed/rs_fc.pt
NDAR_INVR268FVXE,/midtier/sablab/scratch/lem4012/data/abcd-data-hr/NDAR_INVR268FVXE/preprocessed/rs_fc.pt
NDAR_INVR3G28E6R,/midtier/sablab/scratch/lem4012/data/abcd-data-hr/NDAR_INVR3G28E6R/preprocessed/rs_fc.pt
NDAR_INVR64BGK81,/midtier/sablab/scratch/lem4012/data/abcd-data-hr/NDAR_INVR64BGK81/preprocessed/rs_fc.pt
NDAR_INVR6HHHKR9,/midtier/sablab/scratch/lem4012/data/abcd-data-hr/NDAR_INVR6HHHKR9/preprocessed/rs_fc.pt
NDAR_INVR77YG5G1,/midtier/sablab/scratch/lem4012/data/abcd-data-hr/NDAR_INVR77YG5G1/preprocessed/rs_fc.pt
NDAR_INVR792CLE6,/midtier/sablab/scratch/lem4012/data/abcd-data-hr/NDAR_INVR792CLE6/preprocessed/rs_fc.pt
NDAR_INVR81GJYNH,/midtier/sablab/scratch/lem4012/data/abcd-data-hr/NDAR_INVR81GJYNH/preprocessed/rs_fc.pt
NDAR_INVRAC0NR51,/midtier/sablab/scratch/lem4012/data/abcd-data-hr/NDAR_INVRAC0NR51/preprocessed/rs_fc.pt
NDAR_INVRBJT537E,/midtier/sablab/scratch/lem4012/data/abcd-data-hr/NDAR_INVRBJT537E/preprocessed/rs_fc.pt
NDAR_INVRC6BE96Y,/midtier/sablab/scratch/lem4012/data/abcd-data-hr/NDAR_INVRC6BE96Y/preprocessed/rs_fc.pt
NDAR_INVRCA6BCK0,/midtier/sablab/scratch/lem4012/data/abcd-data-hr/NDAR_INVRCA6BCK0/preprocessed/rs_fc.pt
NDAR_INVRCNDV76P,/midtier/sablab/scratch/lem4012/data/abcd-data-hr/NDAR_INVRCNDV76P/preprocessed/rs_fc.pt
NDAR_INVRDF02RR2,/midtier/sablab/scratch/lem4012/data/abcd-data-hr/NDAR_INVRDF02RR2/preprocessed/rs_fc.pt
NDAR_INVRDM1L34M,/midtier/sablab/scratch/lem4012/data/abcd-data-hr/NDAR_INVRDM1L34M/preprocessed/rs_fc.pt
NDAR_INVRE317TA3,/midtier/sablab/scratch/lem4012/data/abcd-data-hr/NDAR_INVRE317TA3/preprocessed/rs_fc.pt
NDAR_INVRE3H89UH,/midtier/sablab/scratch/lem4012/data/abcd-data-hr/NDAR_INVRE3H89UH/preprocessed/rs_fc.pt
NDAR_INVRE48TR17,/midtier/sablab/scratch/lem4012/data/abcd-data-hr/NDAR_INVRE48TR17/preprocessed/rs_fc.pt
NDAR_INVRERRA7FD,/midtier/sablab/scratch/lem4012/data/abcd-data-hr/NDAR_INVRERRA7FD/preprocessed/rs_fc.pt
NDAR_INVRF8DNN59,/midtier/sablab/scratch/lem4012/data/abcd-data-hr/NDAR_INVRF8DNN59/preprocessed/rs_fc.pt
NDAR_INVRFNDEMN8,/midtier/sablab/scratch/lem4012/data/abcd-data-hr/NDAR_INVRFNDEMN8/preprocessed/rs_fc.pt
NDAR_INVRFV3V3DV,/midtier/sablab/scratch/lem4012/data/abcd-data-hr/NDAR_INVRFV3V3DV/preprocessed/rs_fc.pt
NDAR_INVRFXUXZJB,/midtier/sablab/scratch/lem4012/data/abcd-data-hr/NDAR_INVRFXUXZJB/preprocessed/rs_fc.pt
NDAR_INVRGP7HTB4,/midtier/sablab/scratch/lem4012/data/abcd-data-hr/NDAR_INVRGP7HTB4/preprocessed/rs_fc.pt
NDAR_INVRHKAEMD9,/midtier/sablab/scratch/lem4012/data/abcd-data-hr/NDAR_INVRHKAEMD9/preprocessed/rs_fc.pt
NDAR_INVRHLEYZMW,/midtier/sablab/scratch/lem4012/data/abcd-data-hr/NDAR_INVRHLEYZMW/preprocessed/rs_fc.pt
NDAR_INVRHRUB0UP,/midtier/sablab/scratch/lem4012/data/abcd-data-hr/NDAR_INVRHRUB0UP/preprocessed/rs_fc.pt
NDAR_INVRLXEPYKB,/midtier/sablab/scratch/lem4012/data/abcd-data-hr/NDAR_INVRLXEPYKB/preprocessed/rs_fc.pt
NDAR_INVRMV0P0FV,/midtier/sablab/scratch/lem4012/data/abcd-data-hr/NDAR_INVRMV0P0FV/preprocessed/rs_fc.pt
NDAR_INVRN6LY8RU,/midtier/sablab/scratch/lem4012/data/abcd-data-hr/NDAR_INVRN6LY8RU/preprocessed/rs_fc.pt
NDAR_INVRPYECTJJ,/midtier/sablab/scratch/lem4012/data/abcd-data-hr/NDAR_INVRPYECTJJ/preprocessed/rs_fc.pt
NDAR_INVRR22WRZJ,/midtier/sablab/scratch/lem4012/data/abcd-data-hr/NDAR_INVRR22WRZJ/preprocessed/rs_fc.pt
NDAR_INVRR6R4P7W,/midtier/sablab/scratch/lem4012/data/abcd-data-hr/NDAR_INVRR6R4P7W/preprocessed/rs_fc.pt
NDAR_INVRT64RNWZ,/midtier/sablab/scratch/lem4012/data/abcd-data-hr/NDAR_INVRT64RNWZ/preprocessed/rs_fc.pt
NDAR_INVRTZP6F8K,/midtier/sablab/scratch/lem4012/data/abcd-data-hr/NDAR_INVRTZP6F8K/preprocessed/rs_fc.pt
NDAR_INVRU5A4ZCU,/midtier/sablab/scratch/lem4012/data/abcd-data-hr/NDAR_INVRU5A4ZCU/preprocessed/rs_fc.pt
NDAR_INVRUGEM9AA,/midtier/sablab/scratch/lem4012/data/abcd-data-hr/NDAR_INVRUGEM9AA/preprocessed/rs_fc.pt
NDAR_INVRUVAZC2F,/midtier/sablab/scratch/lem4012/data/abcd-data-hr/NDAR_INVRUVAZC2F/preprocessed/rs_fc.pt
NDAR_INVRV23D3UV,/midtier/sablab/scratch/lem4012/data/abcd-data-hr/NDAR_INVRV23D3UV/preprocessed/rs_fc.pt
NDAR_INVRVKDMDNH,/midtier/sablab/scratch/lem4012/data/abcd-data-hr/NDAR_INVRVKDMDNH/preprocessed/rs_fc.pt
NDAR_INVRVM5WTB0,/midtier/sablab/scratch/lem4012/data/abcd-data-hr/NDAR_INVRVM5WTB0/preprocessed/rs_fc.pt
NDAR_INVRW46YERL,/midtier/sablab/scratch/lem4012/data/abcd-data-hr/NDAR_INVRW46YERL/preprocessed/rs_fc.pt
NDAR_INVRW8AFCLZ,/midtier/sablab/scratch/lem4012/data/abcd-data-hr/NDAR_INVRW8AFCLZ/preprocessed/rs_fc.pt
NDAR_INVRWJ75TWZ,/midtier/sablab/scratch/lem4012/data/abcd-data-hr/NDAR_INVRWJ75TWZ/preprocessed/rs_fc.pt
NDAR_INVRX2KLC0M,/midtier/sablab/scratch/lem4012/data/abcd-data-hr/NDAR_INVRX2KLC0M/preprocessed/rs_fc.pt
NDAR_INVRXEE3K3Y,/midtier/sablab/scratch/lem4012/data/abcd-data-hr/NDAR_INVRXEE3K3Y/preprocessed/rs_fc.pt
NDAR_INVRXKGP8CG,/midtier/sablab/scratch/lem4012/data/abcd-data-hr/NDAR_INVRXKGP8CG/preprocessed/rs_fc.pt
NDAR_INVRY4YXW7M,/midtier/sablab/scratch/lem4012/data/abcd-data-hr/NDAR_INVRY4YXW7M/preprocessed/rs_fc.pt
NDAR_INVT06LDPZU,/midtier/sablab/scratch/lem4012/data/abcd-data-hr/NDAR_INVT06LDPZU/preprocessed/rs_fc.pt
NDAR_INVT0HER3DK,/midtier/sablab/scratch/lem4012/data/abcd-data-hr/NDAR_INVT0HER3DK/preprocessed/rs_fc.pt
NDAR_INVT0J4DFC4,/midtier/sablab/scratch/lem4012/data/abcd-data-hr/NDAR_INVT0J4DFC4/preprocessed/rs_fc.pt
NDAR_INVT12VNXF2,/midtier/sablab/scratch/lem4012/data/abcd-data-hr/NDAR_INVT12VNXF2/preprocessed/rs_fc.pt
NDAR_INVT185E8M5,/midtier/sablab/scratch/lem4012/data/abcd-data-hr/NDAR_INVT185E8M5/preprocessed/rs_fc.pt
NDAR_INVT1GJUT9Z,/midtier/sablab/scratch/lem4012/data/abcd-data-hr/NDAR_INVT1GJUT9Z/preprocessed/rs_fc.pt
NDAR_INVT226J5Y3,/midtier/sablab/scratch/lem4012/data/abcd-data-hr/NDAR_INVT226J5Y3/preprocessed/rs_fc.pt
NDAR_INVT2CKY5HY,/midtier/sablab/scratch/lem4012/data/abcd-data-hr/NDAR_INVT2CKY5HY/preprocessed/rs_fc.pt
NDAR_INVT2V8UJ3M,/midtier/sablab/scratch/lem4012/data/abcd-data-hr/NDAR_INVT2V8UJ3M/preprocessed/rs_fc.pt
NDAR_INVT2YYABW3,/midtier/sablab/scratch/lem4012/data/abcd-data-hr/NDAR_INVT2YYABW3/preprocessed/rs_fc.pt
NDAR_INVT472A3DT,/midtier/sablab/scratch/lem4012/data/abcd-data-hr/NDAR_INVT472A3DT/preprocessed/rs_fc.pt
NDAR_INVT4XE5642,/midtier/sablab/scratch/lem4012/data/abcd-data-hr/NDAR_INVT4XE5642/preprocessed/rs_fc.pt
NDAR_INVT5FHG38C,/midtier/sablab/scratch/lem4012/data/abcd-data-hr/NDAR_INVT5FHG38C/preprocessed/rs_fc.pt
NDAR_INVT6RF977F,/midtier/sablab/scratch/lem4012/data/abcd-data-hr/NDAR_INVT6RF977F/preprocessed/rs_fc.pt
NDAR_INVT6Z99TKW,/midtier/sablab/scratch/lem4012/data/abcd-data-hr/NDAR_INVT6Z99TKW/preprocessed/rs_fc.pt
NDAR_INVT83F2AN6,/midtier/sablab/scratch/lem4012/data/abcd-data-hr/NDAR_INVT83F2AN6/preprocessed/rs_fc.pt
NDAR_INVT8HC1Z30,/midtier/sablab/scratch/lem4012/data/abcd-data-hr/NDAR_INVT8HC1Z30/preprocessed/rs_fc.pt
NDAR_INVTA50AT7K,/midtier/sablab/scratch/lem4012/data/abcd-data-hr/NDAR_INVTA50AT7K/preprocessed/rs_fc.pt
NDAR_INVTAN0M8LG,/midtier/sablab/scratch/lem4012/data/abcd-data-hr/NDAR_INVTAN0M8LG/preprocessed/rs_fc.pt
NDAR_INVTAP6MEMP,/midtier/sablab/scratch/lem4012/data/abcd-data-hr/NDAR_INVTAP6MEMP/preprocessed/rs_fc.pt
NDAR_INVTATNKDNJ,/midtier/sablab/scratch/lem4012/data/abcd-data-hr/NDAR_INVTATNKDNJ/preprocessed/rs_fc.pt
NDAR_INVTBJX7XV9,/midtier/sablab/scratch/lem4012/data/abcd-data-hr/NDAR_INVTBJX7XV9/preprocessed/rs_fc.pt
NDAR_INVTBLPMR08,/midtier/sablab/scratch/lem4012/data/abcd-data-hr/NDAR_INVTBLPMR08/preprocessed/rs_fc.pt
NDAR_INVTDCECT0D,/midtier/sablab/scratch/lem4012/data/abcd-data-hr/NDAR_INVTDCECT0D/preprocessed/rs_fc.pt
NDAR_INVTEZKLFY3,/midtier/sablab/scratch/lem4012/data/abcd-data-hr/NDAR_INVTEZKLFY3/preprocessed/rs_fc.pt
NDAR_INVTFBVU6CV,/midtier/sablab/scratch/lem4012/data/abcd-data-hr/NDAR_INVTFBVU6CV/preprocessed/rs_fc.pt
NDAR_INVTFPK1DRW,/midtier/sablab/scratch/lem4012/data/abcd-data-hr/NDAR_INVTFPK1DRW/preprocessed/rs_fc.pt
NDAR_INVTGXYZJTP,/midtier/sablab/scratch/lem4012/data/abcd-data-hr/NDAR_INVTGXYZJTP/preprocessed/rs_fc.pt
NDAR_INVTH0VHX42,/midtier/sablab/scratch/lem4012/data/abcd-data-hr/NDAR_INVTH0VHX42/preprocessed/rs_fc.pt
NDAR_INVTH6DHG5Y,/midtier/sablab/scratch/lem4012/data/abcd-data-hr/NDAR_INVTH6DHG5Y/preprocessed/rs_fc.pt
NDAR_INVTHF11PAH,/midtier/sablab/scratch/lem4012/data/abcd-data-hr/NDAR_INVTHF11PAH/preprocessed/rs_fc.pt
NDAR_INVTHZ39BBJ,/midtier/sablab/scratch/lem4012/data/abcd-data-hr/NDAR_INVTHZ39BBJ/preprocessed/rs_fc.pt
NDAR_INVTJWRH4A3,/midtier/sablab/scratch/lem4012/data/abcd-data-hr/NDAR_INVTJWRH4A3/preprocessed/rs_fc.pt
NDAR_INVTJZ4N3G9,/midtier/sablab/scratch/lem4012/data/abcd-data-hr/NDAR_INVTJZ4N3G9/preprocessed/rs_fc.pt
NDAR_INVTKENUL3C,/midtier/sablab/scratch/lem4012/data/abcd-data-hr/NDAR_INVTKENUL3C/preprocessed/rs_fc.pt
NDAR_INVTL0JKXBF,/midtier/sablab/scratch/lem4012/data/abcd-data-hr/NDAR_INVTL0JKXBF/preprocessed/rs_fc.pt
NDAR_INVTL3FVU14,/midtier/sablab/scratch/lem4012/data/abcd-data-hr/NDAR_INVTL3FVU14/preprocessed/rs_fc.pt
NDAR_INVTL901BED,/midtier/sablab/scratch/lem4012/data/abcd-data-hr/NDAR_INVTL901BED/preprocessed/rs_fc.pt
NDAR_INVTMFT5TJF,/midtier/sablab/scratch/lem4012/data/abcd-data-hr/NDAR_INVTMFT5TJF/preprocessed/rs_fc.pt
NDAR_INVTMRGF3F4,/midtier/sablab/scratch/lem4012/data/abcd-data-hr/NDAR_INVTMRGF3F4/preprocessed/rs_fc.pt
NDAR_INVTPXZDTAT,/midtier/sablab/scratch/lem4012/data/abcd-data-hr/NDAR_INVTPXZDTAT/preprocessed/rs_fc.pt
NDAR_INVTRNDDNH4,/midtier/sablab/scratch/lem4012/data/abcd-data-hr/NDAR_INVTRNDDNH4/preprocessed/rs_fc.pt
NDAR_INVTT0WEJUX,/midtier/sablab/scratch/lem4012/data/abcd-data-hr/NDAR_INVTT0WEJUX/preprocessed/rs_fc.pt
NDAR_INVTT0YJG33,/midtier/sablab/scratch/lem4012/data/abcd-data-hr/NDAR_INVTT0YJG33/preprocessed/rs_fc.pt
NDAR_INVTTFR6F0H,/midtier/sablab/scratch/lem4012/data/abcd-data-hr/NDAR_INVTTFR6F0H/preprocessed/rs_fc.pt
NDAR_INVTTNVZVLW,/midtier/sablab/scratch/lem4012/data/abcd-data-hr/NDAR_INVTTNVZVLW/preprocessed/rs_fc.pt
NDAR_INVTV4KFLNU,/midtier/sablab/scratch/lem4012/data/abcd-data-hr/NDAR_INVTV4KFLNU/preprocessed/rs_fc.pt
NDAR_INVTX4K8UGF,/midtier/sablab/scratch/lem4012/data/abcd-data-hr/NDAR_INVTX4K8UGF/preprocessed/rs_fc.pt
NDAR_INVTXB709BK,/midtier/sablab/scratch/lem4012/data/abcd-data-hr/NDAR_INVTXB709BK/preprocessed/rs_fc.pt
NDAR_INVTXGL96R1,/midtier/sablab/scratch/lem4012/data/abcd-data-hr/NDAR_INVTXGL96R1/preprocessed/rs_fc.pt
NDAR_INVTYLXLE83,/midtier/sablab/scratch/lem4012/data/abcd-data-hr/NDAR_INVTYLXLE83/preprocessed/rs_fc.pt
NDAR_INVTZ6EYWUJ,/midtier/sablab/scratch/lem4012/data/abcd-data-hr/NDAR_INVTZ6EYWUJ/preprocessed/rs_fc.pt
NDAR_INVTZUFYJ76,/midtier/sablab/scratch/lem4012/data/abcd-data-hr/NDAR_INVTZUFYJ76/preprocessed/rs_fc.pt
NDAR_INVU0AFNB1U,/midtier/sablab/scratch/lem4012/data/abcd-data-hr/NDAR_INVU0AFNB1U/preprocessed/rs_fc.pt
NDAR_INVU11NYL5H,/midtier/sablab/scratch/lem4012/data/abcd-data-hr/NDAR_INVU11NYL5H/preprocessed/rs_fc.pt
NDAR_INVU11WDWJ8,/midtier/sablab/scratch/lem4012/data/abcd-data-hr/NDAR_INVU11WDWJ8/preprocessed/rs_fc.pt
NDAR_INVU15L4UHW,/midtier/sablab/scratch/lem4012/data/abcd-data-hr/NDAR_INVU15L4UHW/preprocessed/rs_fc.pt
NDAR_INVU1LGT6DY,/midtier/sablab/scratch/lem4012/data/abcd-data-hr/NDAR_INVU1LGT6DY/preprocessed/rs_fc.pt
NDAR_INVU1T94DML,/midtier/sablab/scratch/lem4012/data/abcd-data-hr/NDAR_INVU1T94DML/preprocessed/rs_fc.pt
NDAR_INVU1XPGWVY,/midtier/sablab/scratch/lem4012/data/abcd-data-hr/NDAR_INVU1XPGWVY/preprocessed/rs_fc.pt
NDAR_INVU2BFUB9N,/midtier/sablab/scratch/lem4012/data/abcd-data-hr/NDAR_INVU2BFUB9N/preprocessed/rs_fc.pt
NDAR_INVU2UT8NAW,/midtier/sablab/scratch/lem4012/data/abcd-data-hr/NDAR_INVU2UT8NAW/preprocessed/rs_fc.pt
NDAR_INVU3A66CY9,/midtier/sablab/scratch/lem4012/data/abcd-data-hr/NDAR_INVU3A66CY9/preprocessed/rs_fc.pt
NDAR_INVU3XLKGUY,/midtier/sablab/scratch/lem4012/data/abcd-data-hr/NDAR_INVU3XLKGUY/preprocessed/rs_fc.pt
NDAR_INVU3ZRYH6G,/midtier/sablab/scratch/lem4012/data/abcd-data-hr/NDAR_INVU3ZRYH6G/preprocessed/rs_fc.pt
NDAR_INVU43XT2KJ,/midtier/sablab/scratch/lem4012/data/abcd-data-hr/NDAR_INVU43XT2KJ/preprocessed/rs_fc.pt
NDAR_INVU5DHD2B7,/midtier/sablab/scratch/lem4012/data/abcd-data-hr/NDAR_INVU5DHD2B7/preprocessed/rs_fc.pt
NDAR_INVU5KBVWZD,/midtier/sablab/scratch/lem4012/data/abcd-data-hr/NDAR_INVU5KBVWZD/preprocessed/rs_fc.pt
NDAR_INVU5T2LA5F,/midtier/sablab/scratch/lem4012/data/abcd-data-hr/NDAR_INVU5T2LA5F/preprocessed/rs_fc.pt
NDAR_INVU5Z0C61N,/midtier/sablab/scratch/lem4012/data/abcd-data-hr/NDAR_INVU5Z0C61N/preprocessed/rs_fc.pt
NDAR_INVU61CF84L,/midtier/sablab/scratch/lem4012/data/abcd-data-hr/NDAR_INVU61CF84L/preprocessed/rs_fc.pt
NDAR_INVU67FAKAG,/midtier/sablab/scratch/lem4012/data/abcd-data-hr/NDAR_INVU67FAKAG/preprocessed/rs_fc.pt
NDAR_INVU6E8PJ8L,/midtier/sablab/scratch/lem4012/data/abcd-data-hr/NDAR_INVU6E8PJ8L/preprocessed/rs_fc.pt
NDAR_INVU710KUDX,/midtier/sablab/scratch/lem4012/data/abcd-data-hr/NDAR_INVU710KUDX/preprocessed/rs_fc.pt
NDAR_INVU8X5T2WD,/midtier/sablab/scratch/lem4012/data/abcd-data-hr/NDAR_INVU8X5T2WD/preprocessed/rs_fc.pt
NDAR_INVU9ATRA9G,/midtier/sablab/scratch/lem4012/data/abcd-data-hr/NDAR_INVU9ATRA9G/preprocessed/rs_fc.pt
NDAR_INVU9DAJLMN,/midtier/sablab/scratch/lem4012/data/abcd-data-hr/NDAR_INVU9DAJLMN/preprocessed/rs_fc.pt
NDAR_INVU9ETKTN0,/midtier/sablab/scratch/lem4012/data/abcd-data-hr/NDAR_INVU9ETKTN0/preprocessed/rs_fc.pt
NDAR_INVU9P37GDT,/midtier/sablab/scratch/lem4012/data/abcd-data-hr/NDAR_INVU9P37GDT/preprocessed/rs_fc.pt
NDAR_INVU9PBHU15,/midtier/sablab/scratch/lem4012/data/abcd-data-hr/NDAR_INVU9PBHU15/preprocessed/rs_fc.pt
NDAR_INVUA8DDPFF,/midtier/sablab/scratch/lem4012/data/abcd-data-hr/NDAR_INVUA8DDPFF/preprocessed/rs_fc.pt
NDAR_INVUAERPXD7,/midtier/sablab/scratch/lem4012/data/abcd-data-hr/NDAR_INVUAERPXD7/preprocessed/rs_fc.pt
NDAR_INVUB6FN6XG,/midtier/sablab/scratch/lem4012/data/abcd-data-hr/NDAR_INVUB6FN6XG/preprocessed/rs_fc.pt
NDAR_INVUB6JP787,/midtier/sablab/scratch/lem4012/data/abcd-data-hr/NDAR_INVUB6JP787/preprocessed/rs_fc.pt
NDAR_INVUB6TZMWL,/midtier/sablab/scratch/lem4012/data/abcd-data-hr/NDAR_INVUB6TZMWL/preprocessed/rs_fc.pt
NDAR_INVUBFY4UNN,/midtier/sablab/scratch/lem4012/data/abcd-data-hr/NDAR_INVUBFY4UNN/preprocessed/rs_fc.pt
NDAR_INVUBKLVB72,/midtier/sablab/scratch/lem4012/data/abcd-data-hr/NDAR_INVUBKLVB72/preprocessed/rs_fc.pt
NDAR_INVUC3J0UH9,/midtier/sablab/scratch/lem4012/data/abcd-data-hr/NDAR_INVUC3J0UH9/preprocessed/rs_fc.pt
NDAR_INVUCM7Z8R7,/midtier/sablab/scratch/lem4012/data/abcd-data-hr/NDAR_INVUCM7Z8R7/preprocessed/rs_fc.pt
NDAR_INVUDMDZKBV,/midtier/sablab/scratch/lem4012/data/abcd-data-hr/NDAR_INVUDMDZKBV/preprocessed/rs_fc.pt
NDAR_INVUE1M64BU,/midtier/sablab/scratch/lem4012/data/abcd-data-hr/NDAR_INVUE1M64BU/preprocessed/rs_fc.pt
NDAR_INVUEVZC0HH,/midtier/sablab/scratch/lem4012/data/abcd-data-hr/NDAR_INVUEVZC0HH/preprocessed/rs_fc.pt
NDAR_INVUF00N1FK,/midtier/sablab/scratch/lem4012/data/abcd-data-hr/NDAR_INVUF00N1FK/preprocessed/rs_fc.pt
NDAR_INVUFJX48LE,/midtier/sablab/scratch/lem4012/data/abcd-data-hr/NDAR_INVUFJX48LE/preprocessed/rs_fc.pt
NDAR_INVUG6DTWVU,/midtier/sablab/scratch/lem4012/data/abcd-data-hr/NDAR_INVUG6DTWVU/preprocessed/rs_fc.pt
NDAR_INVUGV2W16Z,/midtier/sablab/scratch/lem4012/data/abcd-data-hr/NDAR_INVUGV2W16Z/preprocessed/rs_fc.pt
NDAR_INVUHT34WP1,/midtier/sablab/scratch/lem4012/data/abcd-data-hr/NDAR_INVUHT34WP1/preprocessed/rs_fc.pt
NDAR_INVUHUVY3KZ,/midtier/sablab/scratch/lem4012/data/abcd-data-hr/NDAR_INVUHUVY3KZ/preprocessed/rs_fc.pt
NDAR_INVUJPLRUU9,/midtier/sablab/scratch/lem4012/data/abcd-data-hr/NDAR_INVUJPLRUU9/preprocessed/rs_fc.pt
NDAR_INVUKT3Y1U0,/midtier/sablab/scratch/lem4012/data/abcd-data-hr/NDAR_INVUKT3Y1U0/preprocessed/rs_fc.pt
NDAR_INVUKZ2E83X,/midtier/sablab/scratch/lem4012/data/abcd-data-hr/NDAR_INVUKZ2E83X/preprocessed/rs_fc.pt
NDAR_INVULY80GEF,/midtier/sablab/scratch/lem4012/data/abcd-data-hr/NDAR_INVULY80GEF/preprocessed/rs_fc.pt
NDAR_INVUM8RJJDZ,/midtier/sablab/scratch/lem4012/data/abcd-data-hr/NDAR_INVUM8RJJDZ/preprocessed/rs_fc.pt
NDAR_INVUN26G8WH,/midtier/sablab/scratch/lem4012/data/abcd-data-hr/NDAR_INVUN26G8WH/preprocessed/rs_fc.pt
NDAR_INVUP3WUX7T,/midtier/sablab/scratch/lem4012/data/abcd-data-hr/NDAR_INVUP3WUX7T/preprocessed/rs_fc.pt
NDAR_INVUPPU9A5W,/midtier/sablab/scratch/lem4012/data/abcd-data-hr/NDAR_INVUPPU9A5W/preprocessed/rs_fc.pt
NDAR_INVURYDCKP1,/midtier/sablab/scratch/lem4012/data/abcd-data-hr/NDAR_INVURYDCKP1/preprocessed/rs_fc.pt
NDAR_INVURZU1N9V,/midtier/sablab/scratch/lem4012/data/abcd-data-hr/NDAR_INVURZU1N9V/preprocessed/rs_fc.pt
NDAR_INVUTCZ1TL4,/midtier/sablab/scratch/lem4012/data/abcd-data-hr/NDAR_INVUTCZ1TL4/preprocessed/rs_fc.pt
NDAR_INVUUP2MCRU,/midtier/sablab/scratch/lem4012/data/abcd-data-hr/NDAR_INVUUP2MCRU/preprocessed/rs_fc.pt
NDAR_INVUVP8NKL5,/midtier/sablab/scratch/lem4012/data/abcd-data-hr/NDAR_INVUVP8NKL5/preprocessed/rs_fc.pt
NDAR_INVUW7KX694,/midtier/sablab/scratch/lem4012/data/abcd-data-hr/NDAR_INVUW7KX694/preprocessed/rs_fc.pt
NDAR_INVUWTWYGD1,/midtier/sablab/scratch/lem4012/data/abcd-data-hr/NDAR_INVUWTWYGD1/preprocessed/rs_fc.pt
NDAR_INVUWZXJGWG,/midtier/sablab/scratch/lem4012/data/abcd-data-hr/NDAR_INVUWZXJGWG/preprocessed/rs_fc.pt
NDAR_INVUX1XKDLN,/midtier/sablab/scratch/lem4012/data/abcd-data-hr/NDAR_INVUX1XKDLN/preprocessed/rs_fc.pt
NDAR_INVUXWUN73X,/midtier/sablab/scratch/lem4012/data/abcd-data-hr/NDAR_INVUXWUN73X/preprocessed/rs_fc.pt
NDAR_INVUXX4B4ZL,/midtier/sablab/scratch/lem4012/data/abcd-data-hr/NDAR_INVUXX4B4ZL/preprocessed/rs_fc.pt
NDAR_INVUXXJ24L8,/midtier/sablab/scratch/lem4012/data/abcd-data-hr/NDAR_INVUXXJ24L8/preprocessed/rs_fc.pt
NDAR_INVUYAENUJR,/midtier/sablab/scratch/lem4012/data/abcd-data-hr/NDAR_INVUYAENUJR/preprocessed/rs_fc.pt
NDAR_INVUYYEU9U1,/midtier/sablab/scratch/lem4012/data/abcd-data-hr/NDAR_INVUYYEU9U1/preprocessed/rs_fc.pt
NDAR_INVUZBAVXHW,/midtier/sablab/scratch/lem4012/data/abcd-data-hr/NDAR_INVUZBAVXHW/preprocessed/rs_fc.pt
NDAR_INVUZMRNA0C,/midtier/sablab/scratch/lem4012/data/abcd-data-hr/NDAR_INVUZMRNA0C/preprocessed/rs_fc.pt
NDAR_INVUZYC1YD6,/midtier/sablab/scratch/lem4012/data/abcd-data-hr/NDAR_INVUZYC1YD6/preprocessed/rs_fc.pt
NDAR_INVV016WX7A,/midtier/sablab/scratch/lem4012/data/abcd-data-hr/NDAR_INVV016WX7A/preprocessed/rs_fc.pt
NDAR_INVV0LECLBE,/midtier/sablab/scratch/lem4012/data/abcd-data-hr/NDAR_INVV0LECLBE/preprocessed/rs_fc.pt
NDAR_INVV1BV9PWF,/midtier/sablab/scratch/lem4012/data/abcd-data-hr/NDAR_INVV1BV9PWF/preprocessed/rs_fc.pt
NDAR_INVV2G8NKJE,/midtier/sablab/scratch/lem4012/data/abcd-data-hr/NDAR_INVV2G8NKJE/preprocessed/rs_fc.pt
NDAR_INVV2WL8NJZ,/midtier/sablab/scratch/lem4012/data/abcd-data-hr/NDAR_INVV2WL8NJZ/preprocessed/rs_fc.pt
NDAR_INVV381L7JK,/midtier/sablab/scratch/lem4012/data/abcd-data-hr/NDAR_INVV381L7JK/preprocessed/rs_fc.pt
NDAR_INVV4VB3611,/midtier/sablab/scratch/lem4012/data/abcd-data-hr/NDAR_INVV4VB3611/preprocessed/rs_fc.pt
NDAR_INVV4ZYD9PL,/midtier/sablab/scratch/lem4012/data/abcd-data-hr/NDAR_INVV4ZYD9PL/preprocessed/rs_fc.pt
NDAR_INVV50A837R,/midtier/sablab/scratch/lem4012/data/abcd-data-hr/NDAR_INVV50A837R/preprocessed/rs_fc.pt
NDAR_INVV5GRGPFP,/midtier/sablab/scratch/lem4012/data/abcd-data-hr/NDAR_INVV5GRGPFP/preprocessed/rs_fc.pt
NDAR_INVV5MHL75K,/midtier/sablab/scratch/lem4012/data/abcd-data-hr/NDAR_INVV5MHL75K/preprocessed/rs_fc.pt
NDAR_INVV6GUKET3,/midtier/sablab/scratch/lem4012/data/abcd-data-hr/NDAR_INVV6GUKET3/preprocessed/rs_fc.pt
NDAR_INVV6KTVCZH,/midtier/sablab/scratch/lem4012/data/abcd-data-hr/NDAR_INVV6KTVCZH/preprocessed/rs_fc.pt
NDAR_INVV7BMW1B1,/midtier/sablab/scratch/lem4012/data/abcd-data-hr/NDAR_INVV7BMW1B1/preprocessed/rs_fc.pt
NDAR_INVV81U1DVC,/midtier/sablab/scratch/lem4012/data/abcd-data-hr/NDAR_INVV81U1DVC/preprocessed/rs_fc.pt
NDAR_INVV9BM1RB5,/midtier/sablab/scratch/lem4012/data/abcd-data-hr/NDAR_INVV9BM1RB5/preprocessed/rs_fc.pt
NDAR_INVV9Z7KCBE,/midtier/sablab/scratch/lem4012/data/abcd-data-hr/NDAR_INVV9Z7KCBE/preprocessed/rs_fc.pt
NDAR_INVVB6CJP4C,/midtier/sablab/scratch/lem4012/data/abcd-data-hr/NDAR_INVVB6CJP4C/preprocessed/rs_fc.pt
NDAR_INVVBUX926D,/midtier/sablab/scratch/lem4012/data/abcd-data-hr/NDAR_INVVBUX926D/preprocessed/rs_fc.pt
NDAR_INVVCKR7V40,/midtier/sablab/scratch/lem4012/data/abcd-data-hr/NDAR_INVVCKR7V40/preprocessed/rs_fc.pt
NDAR_INVVDT3APC1,/midtier/sablab/scratch/lem4012/data/abcd-data-hr/NDAR_INVVDT3APC1/preprocessed/rs_fc.pt
NDAR_INVVEMXZMTT,/midtier/sablab/scratch/lem4012/data/abcd-data-hr/NDAR_INVVEMXZMTT/preprocessed/rs_fc.pt
NDAR_INVVERH3XXB,/midtier/sablab/scratch/lem4012/data/abcd-data-hr/NDAR_INVVERH3XXB/preprocessed/rs_fc.pt
NDAR_INVVF539UBP,/midtier/sablab/scratch/lem4012/data/abcd-data-hr/NDAR_INVVF539UBP/preprocessed/rs_fc.pt
NDAR_INVVFKCK80B,/midtier/sablab/scratch/lem4012/data/abcd-data-hr/NDAR_INVVFKCK80B/preprocessed/rs_fc.pt
NDAR_INVVFM4VWWG,/midtier/sablab/scratch/lem4012/data/abcd-data-hr/NDAR_INVVFM4VWWG/preprocessed/rs_fc.pt
NDAR_INVVHBYV2NC,/midtier/sablab/scratch/lem4012/data/abcd-data-hr/NDAR_INVVHBYV2NC/preprocessed/rs_fc.pt
NDAR_INVVHRDAP1X,/midtier/sablab/scratch/lem4012/data/abcd-data-hr/NDAR_INVVHRDAP1X/preprocessed/rs_fc.pt
NDAR_INVVJPMKNCY,/midtier/sablab/scratch/lem4012/data/abcd-data-hr/NDAR_INVVJPMKNCY/preprocessed/rs_fc.pt
NDAR_INVVK4U0K21,/midtier/sablab/scratch/lem4012/data/abcd-data-hr/NDAR_INVVK4U0K21/preprocessed/rs_fc.pt
NDAR_INVVKA2ACZA,/midtier/sablab/scratch/lem4012/data/abcd-data-hr/NDAR_INVVKA2ACZA/preprocessed/rs_fc.pt
NDAR_INVVKPJ803Y,/midtier/sablab/scratch/lem4012/data/abcd-data-hr/NDAR_INVVKPJ803Y/preprocessed/rs_fc.pt
NDAR_INVVL55M66Z,/midtier/sablab/scratch/lem4012/data/abcd-data-hr/NDAR_INVVL55M66Z/preprocessed/rs_fc.pt
NDAR_INVVLGAGC69,/midtier/sablab/scratch/lem4012/data/abcd-data-hr/NDAR_INVVLGAGC69/preprocessed/rs_fc.pt
NDAR_INVVLKTCLJ7,/midtier/sablab/scratch/lem4012/data/abcd-data-hr/NDAR_INVVLKTCLJ7/preprocessed/rs_fc.pt
NDAR_INVVLP88ED7,/midtier/sablab/scratch/lem4012/data/abcd-data-hr/NDAR_INVVLP88ED7/preprocessed/rs_fc.pt
NDAR_INVVMHC7BEX,/midtier/sablab/scratch/lem4012/data/abcd-data-hr/NDAR_INVVMHC7BEX/preprocessed/rs_fc.pt
NDAR_INVVMHTUJHX,/midtier/sablab/scratch/lem4012/data/abcd-data-hr/NDAR_INVVMHTUJHX/preprocessed/rs_fc.pt
NDAR_INVVN0L0E6W,/midtier/sablab/scratch/lem4012/data/abcd-data-hr/NDAR_INVVN0L0E6W/preprocessed/rs_fc.pt
NDAR_INVVNAHZMFZ,/midtier/sablab/scratch/lem4012/data/abcd-data-hr/NDAR_INVVNAHZMFZ/preprocessed/rs_fc.pt
NDAR_INVVU46PA0Y,/midtier/sablab/scratch/lem4012/data/abcd-data-hr/NDAR_INVVU46PA0Y/preprocessed/rs_fc.pt
NDAR_INVVV4L00MU,/midtier/sablab/scratch/lem4012/data/abcd-data-hr/NDAR_INVVV4L00MU/preprocessed/rs_fc.pt
NDAR_INVVV50F0CH,/midtier/sablab/scratch/lem4012/data/abcd-data-hr/NDAR_INVVV50F0CH/preprocessed/rs_fc.pt
NDAR_INVVVDFELL0,/midtier/sablab/scratch/lem4012/data/abcd-data-hr/NDAR_INVVVDFELL0/preprocessed/rs_fc.pt
NDAR_INVVWH7ZJJR,/midtier/sablab/scratch/lem4012/data/abcd-data-hr/NDAR_INVVWH7ZJJR/preprocessed/rs_fc.pt
NDAR_INVVX605DH1,/midtier/sablab/scratch/lem4012/data/abcd-data-hr/NDAR_INVVX605DH1/preprocessed/rs_fc.pt
NDAR_INVVXA7EUDY,/midtier/sablab/scratch/lem4012/data/abcd-data-hr/NDAR_INVVXA7EUDY/preprocessed/rs_fc.pt
NDAR_INVW17VYJ0L,/midtier/sablab/scratch/lem4012/data/abcd-data-hr/NDAR_INVW17VYJ0L/preprocessed/rs_fc.pt
NDAR_INVW2RNZLMD,/midtier/sablab/scratch/lem4012/data/abcd-data-hr/NDAR_INVW2RNZLMD/preprocessed/rs_fc.pt
NDAR_INVW34AM66Z,/midtier/sablab/scratch/lem4012/data/abcd-data-hr/NDAR_INVW34AM66Z/preprocessed/rs_fc.pt
NDAR_INVW35MKDP0,/midtier/sablab/scratch/lem4012/data/abcd-data-hr/NDAR_INVW35MKDP0/preprocessed/rs_fc.pt
NDAR_INVW3UTD0NU,/midtier/sablab/scratch/lem4012/data/abcd-data-hr/NDAR_INVW3UTD0NU/preprocessed/rs_fc.pt
NDAR_INVW4JM1V5R,/midtier/sablab/scratch/lem4012/data/abcd-data-hr/NDAR_INVW4JM1V5R/preprocessed/rs_fc.pt
NDAR_INVW51P7H05,/midtier/sablab/scratch/lem4012/data/abcd-data-hr/NDAR_INVW51P7H05/preprocessed/rs_fc.pt
NDAR_INVW5JAWZYH,/midtier/sablab/scratch/lem4012/data/abcd-data-hr/NDAR_INVW5JAWZYH/preprocessed/rs_fc.pt
NDAR_INVW5LV1C4M,/midtier/sablab/scratch/lem4012/data/abcd-data-hr/NDAR_INVW5LV1C4M/preprocessed/rs_fc.pt
NDAR_INVW7D6ATVH,/midtier/sablab/scratch/lem4012/data/abcd-data-hr/NDAR_INVW7D6ATVH/preprocessed/rs_fc.pt
NDAR_INVWCXC72GD,/midtier/sablab/scratch/lem4012/data/abcd-data-hr/NDAR_INVWCXC72GD/preprocessed/rs_fc.pt
NDAR_INVWD1MTTUM,/midtier/sablab/scratch/lem4012/data/abcd-data-hr/NDAR_INVWD1MTTUM/preprocessed/rs_fc.pt
NDAR_INVWDCENDZ9,/midtier/sablab/scratch/lem4012/data/abcd-data-hr/NDAR_INVWDCENDZ9/preprocessed/rs_fc.pt
NDAR_INVWDG85F4T,/midtier/sablab/scratch/lem4012/data/abcd-data-hr/NDAR_INVWDG85F4T/preprocessed/rs_fc.pt
NDAR_INVWDLCWZL7,/midtier/sablab/scratch/lem4012/data/abcd-data-hr/NDAR_INVWDLCWZL7/preprocessed/rs_fc.pt
NDAR_INVWEJF6GXD,/midtier/sablab/scratch/lem4012/data/abcd-data-hr/NDAR_INVWEJF6GXD/preprocessed/rs_fc.pt
NDAR_INVWF9BVBHA,/midtier/sablab/scratch/lem4012/data/abcd-data-hr/NDAR_INVWF9BVBHA/preprocessed/rs_fc.pt
NDAR_INVWFHFCJHH,/midtier/sablab/scratch/lem4012/data/abcd-data-hr/NDAR_INVWFHFCJHH/preprocessed/rs_fc.pt
NDAR_INVWFL8DCPR,/midtier/sablab/scratch/lem4012/data/abcd-data-hr/NDAR_INVWFL8DCPR/preprocessed/rs_fc.pt
NDAR_INVWFLYAP7P,/midtier/sablab/scratch/lem4012/data/abcd-data-hr/NDAR_INVWFLYAP7P/preprocessed/rs_fc.pt
NDAR_INVWG2KH7RL,/midtier/sablab/scratch/lem4012/data/abcd-data-hr/NDAR_INVWG2KH7RL/preprocessed/rs_fc.pt
NDAR_INVWG4ZLXZY,/midtier/sablab/scratch/lem4012/data/abcd-data-hr/NDAR_INVWG4ZLXZY/preprocessed/rs_fc.pt
NDAR_INVWHXTCM8L,/midtier/sablab/scratch/lem4012/data/abcd-data-hr/NDAR_INVWHXTCM8L/preprocessed/rs_fc.pt
NDAR_INVWJG4X8JC,/midtier/sablab/scratch/lem4012/data/abcd-data-hr/NDAR_INVWJG4X8JC/preprocessed/rs_fc.pt
NDAR_INVWKG1LV7G,/midtier/sablab/scratch/lem4012/data/abcd-data-hr/NDAR_INVWKG1LV7G/preprocessed/rs_fc.pt
NDAR_INVWL7D3D23,/midtier/sablab/scratch/lem4012/data/abcd-data-hr/NDAR_INVWL7D3D23/preprocessed/rs_fc.pt
NDAR_INVWLAN2765,/midtier/sablab/scratch/lem4012/data/abcd-data-hr/NDAR_INVWLAN2765/preprocessed/rs_fc.pt
NDAR_INVWM3FXZ4K,/midtier/sablab/scratch/lem4012/data/abcd-data-hr/NDAR_INVWM3FXZ4K/preprocessed/rs_fc.pt
NDAR_INVWM4B6L05,/midtier/sablab/scratch/lem4012/data/abcd-data-hr/NDAR_INVWM4B6L05/preprocessed/rs_fc.pt
NDAR_INVWM5G0ZB2,/midtier/sablab/scratch/lem4012/data/abcd-data-hr/NDAR_INVWM5G0ZB2/preprocessed/rs_fc.pt
NDAR_INVWMKGJZXX,/midtier/sablab/scratch/lem4012/data/abcd-data-hr/NDAR_INVWMKGJZXX/preprocessed/rs_fc.pt
NDAR_INVWMPDRV7H,/midtier/sablab/scratch/lem4012/data/abcd-data-hr/NDAR_INVWMPDRV7H/preprocessed/rs_fc.pt
NDAR_INVWP0ZYHN3,/midtier/sablab/scratch/lem4012/data/abcd-data-hr/NDAR_INVWP0ZYHN3/preprocessed/rs_fc.pt
NDAR_INVWP33RGJG,/midtier/sablab/scratch/lem4012/data/abcd-data-hr/NDAR_INVWP33RGJG/preprocessed/rs_fc.pt
NDAR_INVWPCCMHG1,/midtier/sablab/scratch/lem4012/data/abcd-data-hr/NDAR_INVWPCCMHG1/preprocessed/rs_fc.pt
NDAR_INVWPVF0L7H,/midtier/sablab/scratch/lem4012/data/abcd-data-hr/NDAR_INVWPVF0L7H/preprocessed/rs_fc.pt
NDAR_INVWT771AK6,/midtier/sablab/scratch/lem4012/data/abcd-data-hr/NDAR_INVWT771AK6/preprocessed/rs_fc.pt
NDAR_INVWTBPTVCP,/midtier/sablab/scratch/lem4012/data/abcd-data-hr/NDAR_INVWTBPTVCP/preprocessed/rs_fc.pt
NDAR_INVWVMTXLEH,/midtier/sablab/scratch/lem4012/data/abcd-data-hr/NDAR_INVWVMTXLEH/preprocessed/rs_fc.pt
NDAR_INVWX4KD0B0,/midtier/sablab/scratch/lem4012/data/abcd-data-hr/NDAR_INVWX4KD0B0/preprocessed/rs_fc.pt
NDAR_INVWXF9B2KG,/midtier/sablab/scratch/lem4012/data/abcd-data-hr/NDAR_INVWXF9B2KG/preprocessed/rs_fc.pt
NDAR_INVWY0RDFB7,/midtier/sablab/scratch/lem4012/data/abcd-data-hr/NDAR_INVWY0RDFB7/preprocessed/rs_fc.pt
NDAR_INVWY8VJ509,/midtier/sablab/scratch/lem4012/data/abcd-data-hr/NDAR_INVWY8VJ509/preprocessed/rs_fc.pt
NDAR_INVWYH5Z4YR,/midtier/sablab/scratch/lem4012/data/abcd-data-hr/NDAR_INVWYH5Z4YR/preprocessed/rs_fc.pt
NDAR_INVWZCU0W26,/midtier/sablab/scratch/lem4012/data/abcd-data-hr/NDAR_INVWZCU0W26/preprocessed/rs_fc.pt
NDAR_INVX1697BGE,/midtier/sablab/scratch/lem4012/data/abcd-data-hr/NDAR_INVX1697BGE/preprocessed/rs_fc.pt
NDAR_INVX1RAFVJ4,/midtier/sablab/scratch/lem4012/data/abcd-data-hr/NDAR_INVX1RAFVJ4/preprocessed/rs_fc.pt
NDAR_INVX2T12EWL,/midtier/sablab/scratch/lem4012/data/abcd-data-hr/NDAR_INVX2T12EWL/preprocessed/rs_fc.pt
NDAR_INVX2TWFHMP,/midtier/sablab/scratch/lem4012/data/abcd-data-hr/NDAR_INVX2TWFHMP/preprocessed/rs_fc.pt
NDAR_INVX3ET5EK4,/midtier/sablab/scratch/lem4012/data/abcd-data-hr/NDAR_INVX3ET5EK4/preprocessed/rs_fc.pt
NDAR_INVX3GM1J59,/midtier/sablab/scratch/lem4012/data/abcd-data-hr/NDAR_INVX3GM1J59/preprocessed/rs_fc.pt
NDAR_INVX46YGYN7,/midtier/sablab/scratch/lem4012/data/abcd-data-hr/NDAR_INVX46YGYN7/preprocessed/rs_fc.pt
NDAR_INVX4GVLBGY,/midtier/sablab/scratch/lem4012/data/abcd-data-hr/NDAR_INVX4GVLBGY/preprocessed/rs_fc.pt
NDAR_INVX51UNV1G,/midtier/sablab/scratch/lem4012/data/abcd-data-hr/NDAR_INVX51UNV1G/preprocessed/rs_fc.pt
NDAR_INVX8AY31TT,/midtier/sablab/scratch/lem4012/data/abcd-data-hr/NDAR_INVX8AY31TT/preprocessed/rs_fc.pt
NDAR_INVX99CUTNE,/midtier/sablab/scratch/lem4012/data/abcd-data-hr/NDAR_INVX99CUTNE/preprocessed/rs_fc.pt
NDAR_INVX9XKM89P,/midtier/sablab/scratch/lem4012/data/abcd-data-hr/NDAR_INVX9XKM89P/preprocessed/rs_fc.pt
NDAR_INVXALFHN4F,/midtier/sablab/scratch/lem4012/data/abcd-data-hr/NDAR_INVXALFHN4F/preprocessed/rs_fc.pt
NDAR_INVXAP1L366,/midtier/sablab/scratch/lem4012/data/abcd-data-hr/NDAR_INVXAP1L366/preprocessed/rs_fc.pt
NDAR_INVXARP4RCG,/midtier/sablab/scratch/lem4012/data/abcd-data-hr/NDAR_INVXARP4RCG/preprocessed/rs_fc.pt
NDAR_INVXARTK6ET,/midtier/sablab/scratch/lem4012/data/abcd-data-hr/NDAR_INVXARTK6ET/preprocessed/rs_fc.pt
NDAR_INVXAV4KY99,/midtier/sablab/scratch/lem4012/data/abcd-data-hr/NDAR_INVXAV4KY99/preprocessed/rs_fc.pt
NDAR_INVXBNU804E,/midtier/sablab/scratch/lem4012/data/abcd-data-hr/NDAR_INVXBNU804E/preprocessed/rs_fc.pt
NDAR_INVXBPBAPVX,/midtier/sablab/scratch/lem4012/data/abcd-data-hr/NDAR_INVXBPBAPVX/preprocessed/rs_fc.pt
NDAR_INVXF2K4GPX,/midtier/sablab/scratch/lem4012/data/abcd-data-hr/NDAR_INVXF2K4GPX/preprocessed/rs_fc.pt
NDAR_INVXF3EU2H1,/midtier/sablab/scratch/lem4012/data/abcd-data-hr/NDAR_INVXF3EU2H1/preprocessed/rs_fc.pt
NDAR_INVXFD573YV,/midtier/sablab/scratch/lem4012/data/abcd-data-hr/NDAR_INVXFD573YV/preprocessed/rs_fc.pt
NDAR_INVXFHP0JZK,/midtier/sablab/scratch/lem4012/data/abcd-data-hr/NDAR_INVXFHP0JZK/preprocessed/rs_fc.pt
NDAR_INVXFL1L8T2,/midtier/sablab/scratch/lem4012/data/abcd-data-hr/NDAR_INVXFL1L8T2/preprocessed/rs_fc.pt
NDAR_INVXG13EX2M,/midtier/sablab/scratch/lem4012/data/abcd-data-hr/NDAR_INVXG13EX2M/preprocessed/rs_fc.pt
NDAR_INVXH1KPX9J,/midtier/sablab/scratch/lem4012/data/abcd-data-hr/NDAR_INVXH1KPX9J/preprocessed/rs_fc.pt
NDAR_INVXHEEJUKX,/midtier/sablab/scratch/lem4012/data/abcd-data-hr/NDAR_INVXHEEJUKX/preprocessed/rs_fc.pt
NDAR_INVXHXZ933C,/midtier/sablab/scratch/lem4012/data/abcd-data-hr/NDAR_INVXHXZ933C/preprocessed/rs_fc.pt
NDAR_INVXJ31U6MU,/midtier/sablab/scratch/lem4012/data/abcd-data-hr/NDAR_INVXJ31U6MU/preprocessed/rs_fc.pt
NDAR_INVXJBU4ZMT,/midtier/sablab/scratch/lem4012/data/abcd-data-hr/NDAR_INVXJBU4ZMT/preprocessed/rs_fc.pt
NDAR_INVXJEFUNEP,/midtier/sablab/scratch/lem4012/data/abcd-data-hr/NDAR_INVXJEFUNEP/preprocessed/rs_fc.pt
NDAR_INVXJJJJXGF,/midtier/sablab/scratch/lem4012/data/abcd-data-hr/NDAR_INVXJJJJXGF/preprocessed/rs_fc.pt
NDAR_INVXK3Z24X8,/midtier/sablab/scratch/lem4012/data/abcd-data-hr/NDAR_INVXK3Z24X8/preprocessed/rs_fc.pt
NDAR_INVXK6KTKFE,/midtier/sablab/scratch/lem4012/data/abcd-data-hr/NDAR_INVXK6KTKFE/preprocessed/rs_fc.pt
NDAR_INVXKM23DJB,/midtier/sablab/scratch/lem4012/data/abcd-data-hr/NDAR_INVXKM23DJB/preprocessed/rs_fc.pt
NDAR_INVXL4UCXMM,/midtier/sablab/scratch/lem4012/data/abcd-data-hr/NDAR_INVXL4UCXMM/preprocessed/rs_fc.pt
NDAR_INVXM0N4RE4,/midtier/sablab/scratch/lem4012/data/abcd-data-hr/NDAR_INVXM0N4RE4/preprocessed/rs_fc.pt
NDAR_INVXMDFPX4L,/midtier/sablab/scratch/lem4012/data/abcd-data-hr/NDAR_INVXMDFPX4L/preprocessed/rs_fc.pt
NDAR_INVXMFG5XLJ,/midtier/sablab/scratch/lem4012/data/abcd-data-hr/NDAR_INVXMFG5XLJ/preprocessed/rs_fc.pt
NDAR_INVXN8NNJC9,/midtier/sablab/scratch/lem4012/data/abcd-data-hr/NDAR_INVXN8NNJC9/preprocessed/rs_fc.pt
NDAR_INVXP75417U,/midtier/sablab/scratch/lem4012/data/abcd-data-hr/NDAR_INVXP75417U/preprocessed/rs_fc.pt
NDAR_INVXPE3RPDD,/midtier/sablab/scratch/lem4012/data/abcd-data-hr/NDAR_INVXPE3RPDD/preprocessed/rs_fc.pt
NDAR_INVXPH3884U,/midtier/sablab/scratch/lem4012/data/abcd-data-hr/NDAR_INVXPH3884U/preprocessed/rs_fc.pt
NDAR_INVXPLRAK5R,/midtier/sablab/scratch/lem4012/data/abcd-data-hr/NDAR_INVXPLRAK5R/preprocessed/rs_fc.pt
NDAR_INVXR9J4J3Y,/midtier/sablab/scratch/lem4012/data/abcd-data-hr/NDAR_INVXR9J4J3Y/preprocessed/rs_fc.pt
NDAR_INVXT73HCUT,/midtier/sablab/scratch/lem4012/data/abcd-data-hr/NDAR_INVXT73HCUT/preprocessed/rs_fc.pt
NDAR_INVXTRHH68Z,/midtier/sablab/scratch/lem4012/data/abcd-data-hr/NDAR_INVXTRHH68Z/preprocessed/rs_fc.pt
NDAR_INVXTUP2ECD,/midtier/sablab/scratch/lem4012/data/abcd-data-hr/NDAR_INVXTUP2ECD/preprocessed/rs_fc.pt
NDAR_INVXTX68JRW,/midtier/sablab/scratch/lem4012/data/abcd-data-hr/NDAR_INVXTX68JRW/preprocessed/rs_fc.pt
NDAR_INVXUJFABEC,/midtier/sablab/scratch/lem4012/data/abcd-data-hr/NDAR_INVXUJFABEC/preprocessed/rs_fc.pt
NDAR_INVXUKGU6HY,/midtier/sablab/scratch/lem4012/data/abcd-data-hr/NDAR_INVXUKGU6HY/preprocessed/rs_fc.pt
NDAR_INVXUT1RZUJ,/midtier/sablab/scratch/lem4012/data/abcd-data-hr/NDAR_INVXUT1RZUJ/preprocessed/rs_fc.pt
NDAR_INVXV7ACNJ4,/midtier/sablab/scratch/lem4012/data/abcd-data-hr/NDAR_INVXV7ACNJ4/preprocessed/rs_fc.pt
NDAR_INVXV7GLFGG,/midtier/sablab/scratch/lem4012/data/abcd-data-hr/NDAR_INVXV7GLFGG/preprocessed/rs_fc.pt
NDAR_INVXVA5ENX1,/midtier/sablab/scratch/lem4012/data/abcd-data-hr/NDAR_INVXVA5ENX1/preprocessed/rs_fc.pt
NDAR_INVXVAB3PXP,/midtier/sablab/scratch/lem4012/data/abcd-data-hr/NDAR_INVXVAB3PXP/preprocessed/rs_fc.pt
NDAR_INVXVUGTFV5,/midtier/sablab/scratch/lem4012/data/abcd-data-hr/NDAR_INVXVUGTFV5/preprocessed/rs_fc.pt
NDAR_INVXW6WYXN6,/midtier/sablab/scratch/lem4012/data/abcd-data-hr/NDAR_INVXW6WYXN6/preprocessed/rs_fc.pt
NDAR_INVXXN5Z1Y0,/midtier/sablab/scratch/lem4012/data/abcd-data-hr/NDAR_INVXXN5Z1Y0/preprocessed/rs_fc.pt
NDAR_INVXY1JE1A8,/midtier/sablab/scratch/lem4012/data/abcd-data-hr/NDAR_INVXY1JE1A8/preprocessed/rs_fc.pt
NDAR_INVXY905VNM,/midtier/sablab/scratch/lem4012/data/abcd-data-hr/NDAR_INVXY905VNM/preprocessed/rs_fc.pt
NDAR_INVXYBXW9GB,/midtier/sablab/scratch/lem4012/data/abcd-data-hr/NDAR_INVXYBXW9GB/preprocessed/rs_fc.pt
NDAR_INVXYKNNZN6,/midtier/sablab/scratch/lem4012/data/abcd-data-hr/NDAR_INVXYKNNZN6/preprocessed/rs_fc.pt
NDAR_INVXZKP1VEC,/midtier/sablab/scratch/lem4012/data/abcd-data-hr/NDAR_INVXZKP1VEC/preprocessed/rs_fc.pt
NDAR_INVXZYM6JMK,/midtier/sablab/scratch/lem4012/data/abcd-data-hr/NDAR_INVXZYM6JMK/preprocessed/rs_fc.pt
NDAR_INVY17ZU37V,/midtier/sablab/scratch/lem4012/data/abcd-data-hr/NDAR_INVY17ZU37V/preprocessed/rs_fc.pt
NDAR_INVY19AMXWK,/midtier/sablab/scratch/lem4012/data/abcd-data-hr/NDAR_INVY19AMXWK/preprocessed/rs_fc.pt
NDAR_INVY20R5X1P,/midtier/sablab/scratch/lem4012/data/abcd-data-hr/NDAR_INVY20R5X1P/preprocessed/rs_fc.pt
NDAR_INVY2BY2AXF,/midtier/sablab/scratch/lem4012/data/abcd-data-hr/NDAR_INVY2BY2AXF/preprocessed/rs_fc.pt
NDAR_INVY2EFVF4F,/midtier/sablab/scratch/lem4012/data/abcd-data-hr/NDAR_INVY2EFVF4F/preprocessed/rs_fc.pt
NDAR_INVY2YCRABT,/midtier/sablab/scratch/lem4012/data/abcd-data-hr/NDAR_INVY2YCRABT/preprocessed/rs_fc.pt
NDAR_INVY3PBPLNV,/midtier/sablab/scratch/lem4012/data/abcd-data-hr/NDAR_INVY3PBPLNV/preprocessed/rs_fc.pt
NDAR_INVY5VUA73W,/midtier/sablab/scratch/lem4012/data/abcd-data-hr/NDAR_INVY5VUA73W/preprocessed/rs_fc.pt
NDAR_INVY609D78A,/midtier/sablab/scratch/lem4012/data/abcd-data-hr/NDAR_INVY609D78A/preprocessed/rs_fc.pt
NDAR_INVY6BNA3UK,/midtier/sablab/scratch/lem4012/data/abcd-data-hr/NDAR_INVY6BNA3UK/preprocessed/rs_fc.pt
NDAR_INVY6FE3R8A,/midtier/sablab/scratch/lem4012/data/abcd-data-hr/NDAR_INVY6FE3R8A/preprocessed/rs_fc.pt
NDAR_INVY84KMFCU,/midtier/sablab/scratch/lem4012/data/abcd-data-hr/NDAR_INVY84KMFCU/preprocessed/rs_fc.pt
NDAR_INVY8P9LNN8,/midtier/sablab/scratch/lem4012/data/abcd-data-hr/NDAR_INVY8P9LNN8/preprocessed/rs_fc.pt
NDAR_INVY98NL5JN,/midtier/sablab/scratch/lem4012/data/abcd-data-hr/NDAR_INVY98NL5JN/preprocessed/rs_fc.pt
NDAR_INVY9YA660C,/midtier/sablab/scratch/lem4012/data/abcd-data-hr/NDAR_INVY9YA660C/preprocessed/rs_fc.pt
NDAR_INVYA6B3A5N,/midtier/sablab/scratch/lem4012/data/abcd-data-hr/NDAR_INVYA6B3A5N/preprocessed/rs_fc.pt
NDAR_INVYACV3T0T,/midtier/sablab/scratch/lem4012/data/abcd-data-hr/NDAR_INVYACV3T0T/preprocessed/rs_fc.pt
NDAR_INVYAXN63F8,/midtier/sablab/scratch/lem4012/data/abcd-data-hr/NDAR_INVYAXN63F8/preprocessed/rs_fc.pt
NDAR_INVYBPN1YEU,/midtier/sablab/scratch/lem4012/data/abcd-data-hr/NDAR_INVYBPN1YEU/preprocessed/rs_fc.pt
NDAR_INVYCRTDT3X,/midtier/sablab/scratch/lem4012/data/abcd-data-hr/NDAR_INVYCRTDT3X/preprocessed/rs_fc.pt
NDAR_INVYE9WDNR8,/midtier/sablab/scratch/lem4012/data/abcd-data-hr/NDAR_INVYE9WDNR8/preprocessed/rs_fc.pt
NDAR_INVYF1F96G4,/midtier/sablab/scratch/lem4012/data/abcd-data-hr/NDAR_INVYF1F96G4/preprocessed/rs_fc.pt
NDAR_INVYFGMFGYJ,/midtier/sablab/scratch/lem4012/data/abcd-data-hr/NDAR_INVYFGMFGYJ/preprocessed/rs_fc.pt
NDAR_INVYJA9K9F8,/midtier/sablab/scratch/lem4012/data/abcd-data-hr/NDAR_INVYJA9K9F8/preprocessed/rs_fc.pt
NDAR_INVYJETWGU1,/midtier/sablab/scratch/lem4012/data/abcd-data-hr/NDAR_INVYJETWGU1/preprocessed/rs_fc.pt
NDAR_INVYJPCD59K,/midtier/sablab/scratch/lem4012/data/abcd-data-hr/NDAR_INVYJPCD59K/preprocessed/rs_fc.pt
NDAR_INVYLM67JAJ,/midtier/sablab/scratch/lem4012/data/abcd-data-hr/NDAR_INVYLM67JAJ/preprocessed/rs_fc.pt
NDAR_INVYLNHN7LR,/midtier/sablab/scratch/lem4012/data/abcd-data-hr/NDAR_INVYLNHN7LR/preprocessed/rs_fc.pt
NDAR_INVYM6A1LU9,/midtier/sablab/scratch/lem4012/data/abcd-data-hr/NDAR_INVYM6A1LU9/preprocessed/rs_fc.pt
NDAR_INVYM9J1XYN,/midtier/sablab/scratch/lem4012/data/abcd-data-hr/NDAR_INVYM9J1XYN/preprocessed/rs_fc.pt
NDAR_INVYNCHCTAD,/midtier/sablab/scratch/lem4012/data/abcd-data-hr/NDAR_INVYNCHCTAD/preprocessed/rs_fc.pt
NDAR_INVYNRJ8UU6,/midtier/sablab/scratch/lem4012/data/abcd-data-hr/NDAR_INVYNRJ8UU6/preprocessed/rs_fc.pt
NDAR_INVYP13X9BR,/midtier/sablab/scratch/lem4012/data/abcd-data-hr/NDAR_INVYP13X9BR/preprocessed/rs_fc.pt
NDAR_INVYP9TDUUM,/midtier/sablab/scratch/lem4012/data/abcd-data-hr/NDAR_INVYP9TDUUM/preprocessed/rs_fc.pt
NDAR_INVYPJK6AC5,/midtier/sablab/scratch/lem4012/data/abcd-data-hr/NDAR_INVYPJK6AC5/preprocessed/rs_fc.pt
NDAR_INVYRVP8LV1,/midtier/sablab/scratch/lem4012/data/abcd-data-hr/NDAR_INVYRVP8LV1/preprocessed/rs_fc.pt
NDAR_INVYT5WUN07,/midtier/sablab/scratch/lem4012/data/abcd-data-hr/NDAR_INVYT5WUN07/preprocessed/rs_fc.pt
NDAR_INVYU25EC7F,/midtier/sablab/scratch/lem4012/data/abcd-data-hr/NDAR_INVYU25EC7F/preprocessed/rs_fc.pt
NDAR_INVYU8GX8G7,/midtier/sablab/scratch/lem4012/data/abcd-data-hr/NDAR_INVYU8GX8G7/preprocessed/rs_fc.pt
NDAR_INVYUKDPT70,/midtier/sablab/scratch/lem4012/data/abcd-data-hr/NDAR_INVYUKDPT70/preprocessed/rs_fc.pt
NDAR_INVYV7R5H1E,/midtier/sablab/scratch/lem4012/data/abcd-data-hr/NDAR_INVYV7R5H1E/preprocessed/rs_fc.pt
NDAR_INVYVCJPTME,/midtier/sablab/scratch/lem4012/data/abcd-data-hr/NDAR_INVYVCJPTME/preprocessed/rs_fc.pt
NDAR_INVYVMG87GD,/midtier/sablab/scratch/lem4012/data/abcd-data-hr/NDAR_INVYVMG87GD/preprocessed/rs_fc.pt
NDAR_INVYW9MFMW8,/midtier/sablab/scratch/lem4012/data/abcd-data-hr/NDAR_INVYW9MFMW8/preprocessed/rs_fc.pt
NDAR_INVYXHBN74V,/midtier/sablab/scratch/lem4012/data/abcd-data-hr/NDAR_INVYXHBN74V/preprocessed/rs_fc.pt
NDAR_INVYXRGTMYM,/midtier/sablab/scratch/lem4012/data/abcd-data-hr/NDAR_INVYXRGTMYM/preprocessed/rs_fc.pt
NDAR_INVYYFU8FM4,/midtier/sablab/scratch/lem4012/data/abcd-data-hr/NDAR_INVYYFU8FM4/preprocessed/rs_fc.pt
NDAR_INVYZ0ZBG85,/midtier/sablab/scratch/lem4012/data/abcd-data-hr/NDAR_INVYZ0ZBG85/preprocessed/rs_fc.pt
NDAR_INVYZGRYL84,/midtier/sablab/scratch/lem4012/data/abcd-data-hr/NDAR_INVYZGRYL84/preprocessed/rs_fc.pt
NDAR_INVYZURN14T,/midtier/sablab/scratch/lem4012/data/abcd-data-hr/NDAR_INVYZURN14T/preprocessed/rs_fc.pt
NDAR_INVZ02PLW9B,/midtier/sablab/scratch/lem4012/data/abcd-data-hr/NDAR_INVZ02PLW9B/preprocessed/rs_fc.pt
NDAR_INVZ18FPVFJ,/midtier/sablab/scratch/lem4012/data/abcd-data-hr/NDAR_INVZ18FPVFJ/preprocessed/rs_fc.pt
NDAR_INVZ20Z6JR3,/midtier/sablab/scratch/lem4012/data/abcd-data-hr/NDAR_INVZ20Z6JR3/preprocessed/rs_fc.pt
NDAR_INVZ24E0KC2,/midtier/sablab/scratch/lem4012/data/abcd-data-hr/NDAR_INVZ24E0KC2/preprocessed/rs_fc.pt
NDAR_INVZ4DPYEX3,/midtier/sablab/scratch/lem4012/data/abcd-data-hr/NDAR_INVZ4DPYEX3/preprocessed/rs_fc.pt
NDAR_INVZ5M1W790,/midtier/sablab/scratch/lem4012/data/abcd-data-hr/NDAR_INVZ5M1W790/preprocessed/rs_fc.pt
NDAR_INVZ70RKK51,/midtier/sablab/scratch/lem4012/data/abcd-data-hr/NDAR_INVZ70RKK51/preprocessed/rs_fc.pt
NDAR_INVZ85UEYE5,/midtier/sablab/scratch/lem4012/data/abcd-data-hr/NDAR_INVZ85UEYE5/preprocessed/rs_fc.pt
NDAR_INVZ8JNGWDY,/midtier/sablab/scratch/lem4012/data/abcd-data-hr/NDAR_INVZ8JNGWDY/preprocessed/rs_fc.pt
NDAR_INVZ8U8TUHJ,/midtier/sablab/scratch/lem4012/data/abcd-data-hr/NDAR_INVZ8U8TUHJ/preprocessed/rs_fc.pt
NDAR_INVZ95YA2ZB,/midtier/sablab/scratch/lem4012/data/abcd-data-hr/NDAR_INVZ95YA2ZB/preprocessed/rs_fc.pt
NDAR_INVZ96PL9LM,/midtier/sablab/scratch/lem4012/data/abcd-data-hr/NDAR_INVZ96PL9LM/preprocessed/rs_fc.pt
NDAR_INVZBH4VPZJ,/midtier/sablab/scratch/lem4012/data/abcd-data-hr/NDAR_INVZBH4VPZJ/preprocessed/rs_fc.pt
NDAR_INVZCCLLLCW,/midtier/sablab/scratch/lem4012/data/abcd-data-hr/NDAR_INVZCCLLLCW/preprocessed/rs_fc.pt
NDAR_INVZCCYZY0V,/midtier/sablab/scratch/lem4012/data/abcd-data-hr/NDAR_INVZCCYZY0V/preprocessed/rs_fc.pt
NDAR_INVZDHYHJKH,/midtier/sablab/scratch/lem4012/data/abcd-data-hr/NDAR_INVZDHYHJKH/preprocessed/rs_fc.pt
NDAR_INVZE3L2GCN,/midtier/sablab/scratch/lem4012/data/abcd-data-hr/NDAR_INVZE3L2GCN/preprocessed/rs_fc.pt
NDAR_INVZEAUYCZF,/midtier/sablab/scratch/lem4012/data/abcd-data-hr/NDAR_INVZEAUYCZF/preprocessed/rs_fc.pt
NDAR_INVZF1WFHR3,/midtier/sablab/scratch/lem4012/data/abcd-data-hr/NDAR_INVZF1WFHR3/preprocessed/rs_fc.pt
NDAR_INVZG6365BX,/midtier/sablab/scratch/lem4012/data/abcd-data-hr/NDAR_INVZG6365BX/preprocessed/rs_fc.pt
NDAR_INVZGEEAXPZ,/midtier/sablab/scratch/lem4012/data/abcd-data-hr/NDAR_INVZGEEAXPZ/preprocessed/rs_fc.pt
NDAR_INVZGLD1V00,/midtier/sablab/scratch/lem4012/data/abcd-data-hr/NDAR_INVZGLD1V00/preprocessed/rs_fc.pt
NDAR_INVZH7LD600,/midtier/sablab/scratch/lem4012/data/abcd-data-hr/NDAR_INVZH7LD600/preprocessed/rs_fc.pt
NDAR_INVZJB6P8ZB,/midtier/sablab/scratch/lem4012/data/abcd-data-hr/NDAR_INVZJB6P8ZB/preprocessed/rs_fc.pt
NDAR_INVZJDPXX7G,/midtier/sablab/scratch/lem4012/data/abcd-data-hr/NDAR_INVZJDPXX7G/preprocessed/rs_fc.pt
NDAR_INVZJEG08WY,/midtier/sablab/scratch/lem4012/data/abcd-data-hr/NDAR_INVZJEG08WY/preprocessed/rs_fc.pt
NDAR_INVZJM8LDU8,/midtier/sablab/scratch/lem4012/data/abcd-data-hr/NDAR_INVZJM8LDU8/preprocessed/rs_fc.pt
NDAR_INVZJUUZAPJ,/midtier/sablab/scratch/lem4012/data/abcd-data-hr/NDAR_INVZJUUZAPJ/preprocessed/rs_fc.pt
NDAR_INVZK8052MG,/midtier/sablab/scratch/lem4012/data/abcd-data-hr/NDAR_INVZK8052MG/preprocessed/rs_fc.pt
NDAR_INVZMMCVRWG,/midtier/sablab/scratch/lem4012/data/abcd-data-hr/NDAR_INVZMMCVRWG/preprocessed/rs_fc.pt
NDAR_INVZMVK0FMA,/midtier/sablab/scratch/lem4012/data/abcd-data-hr/NDAR_INVZMVK0FMA/preprocessed/rs_fc.pt
NDAR_INVZNTJH2GT,/midtier/sablab/scratch/lem4012/data/abcd-data-hr/NDAR_INVZNTJH2GT/preprocessed/rs_fc.pt
NDAR_INVZNXT0TX2,/midtier/sablab/scratch/lem4012/data/abcd-data-hr/NDAR_INVZNXT0TX2/preprocessed/rs_fc.pt
NDAR_INVZP06U57U,/midtier/sablab/scratch/lem4012/data/abcd-data-hr/NDAR_INVZP06U57U/preprocessed/rs_fc.pt
NDAR_INVZPEKP3FW,/midtier/sablab/scratch/lem4012/data/abcd-data-hr/NDAR_INVZPEKP3FW/preprocessed/rs_fc.pt
NDAR_INVZR16R6Y3,/midtier/sablab/scratch/lem4012/data/abcd-data-hr/NDAR_INVZR16R6Y3/preprocessed/rs_fc.pt
NDAR_INVZT1J0KUC,/midtier/sablab/scratch/lem4012/data/abcd-data-hr/NDAR_INVZT1J0KUC/preprocessed/rs_fc.pt
NDAR_INVZTP2ZHLN,/midtier/sablab/scratch/lem4012/data/abcd-data-hr/NDAR_INVZTP2ZHLN/preprocessed/rs_fc.pt
NDAR_INVZTPV9V4Z,/midtier/sablab/scratch/lem4012/data/abcd-data-hr/NDAR_INVZTPV9V4Z/preprocessed/rs_fc.pt
NDAR_INVZTTGYL51,/midtier/sablab/scratch/lem4012/data/abcd-data-hr/NDAR_INVZTTGYL51/preprocessed/rs_fc.pt
NDAR_INVZUDPGDWJ,/midtier/sablab/scratch/lem4012/data/abcd-data-hr/NDAR_INVZUDPGDWJ/preprocessed/rs_fc.pt
NDAR_INVZUJYFZPW,/midtier/sablab/scratch/lem4012/data/abcd-data-hr/NDAR_INVZUJYFZPW/preprocessed/rs_fc.pt
NDAR_INVZV54BWRE,/midtier/sablab/scratch/lem4012/data/abcd-data-hr/NDAR_INVZV54BWRE/preprocessed/rs_fc.pt
NDAR_INVZYFB43H7,/midtier/sablab/scratch/lem4012/data/abcd-data-hr/NDAR_INVZYFB43H7/preprocessed/rs_fc.pt
NDAR_INVZZ6ZJ2KY,/midtier/sablab/scratch/lem4012/data/abcd-data-hr/NDAR_INVZZ6ZJ2KY/preprocessed/rs_fc.pt
